annee_numero_de_tirage,jour_de_tirage,date_de_tirage,boule_1,boule_2,boule_3,boule_4,boule_5,etoile_1,etoile_2,bitmap_numeros,bitmap_etoiles
25021,VENDREDI,2025-03-14 00:00:00,8,33,49,35,10,2,9,281496451547776,258
25020,MARDI,2025-03-11 00:00:00,36,37,42,47,13,11,7,72670846652416,1088
25019,VENDREDI,2025-03-07 00:00:00,32,6,48,27,10,8,3,140739702948384,132
25018,MARDI,2025-03-04 00:00:00,29,42,15,20,35,9,2,2216472100864,258
25017,VENDREDI,2025-02-28 00:00:00,43,31,46,16,7,9,5,39583492374592,272
25016,MARDI,2025-02-25 00:00:00,23,24,44,17,22,11,6,8796107767808,1056
25015,VENDREDI,2025-02-21 00:00:00,1,43,3,20,11,11,2,4398047036421,1026
25014,MARDI,2025-02-18 00:00:00,26,40,5,25,14,5,7,549806153744,80
25013,VENDREDI,2025-02-14 00:00:00,38,14,36,31,4,10,3,172872441864,516
25012,MARDI,2025-02-11 00:00:00,21,3,46,36,41,6,1,36318244503556,33
25011,VENDREDI,2025-02-07 00:00:00,10,24,45,29,23,8,10,17592467063296,640
25010,MARDI,2025-02-04 00:00:00,29,43,3,39,4,5,10,4673192853516,528
25009,VENDREDI,2025-01-31 00:00:00,30,41,49,44,22,7,2,291371120328704,66
25008,MARDI,2025-01-28 00:00:00,42,41,37,49,9,9,1,284842231070976,257
25007,VENDREDI,2025-01-24 00:00:00,30,2,19,49,11,3,8,281475513844738,132
25006,MARDI,2025-01-21 00:00:00,8,6,14,27,41,5,4,1099578744992,24
25005,VENDREDI,2025-01-17 00:00:00,24,42,15,35,8,8,6,2216211529856,160
25004,MARDI,2025-01-14 00:00:00,41,48,29,20,18,5,9,141837269073920,272
25003,VENDREDI,2025-01-10 00:00:00,36,37,27,42,12,7,6,2302169581568,96
25002,MARDI,2025-01-07 00:00:00,41,20,35,33,47,4,12,71489731166208,2056
25001,VENDREDI,2025-01-03 00:00:00,19,35,37,3,29,1,9,86168043524,257
24105,MARDI,2024-12-31 00:00:00,33,24,19,26,28,12,8,4471390208,2176
24104,VENDREDI,2024-12-27 00:00:00,45,33,12,27,22,4,8,17596550219776,136
24103,MARDI,2024-12-24 00:00:00,6,24,16,23,10,12,11,12616224,3072
24102,VENDREDI,2024-12-20 00:00:00,14,10,50,33,21,6,9,562954249445888,288
24101,MARDI,2024-12-17 00:00:00,1,21,4,29,3,7,2,269484045,66
24100,VENDREDI,2024-12-13 00:00:00,25,1,42,15,50,10,4,565148993470465,520
24099,MARDI,2024-12-10 00:00:00,29,25,5,47,24,9,5,70369037778960,272
24098,VENDREDI,2024-12-06 00:00:00,25,39,47,14,44,6,10,79439731892224,544
24097,MARDI,2024-12-03 00:00:00,46,23,34,25,47,6,8,105561727172608,160
24096,VENDREDI,2024-11-29 00:00:00,8,18,43,17,29,5,9,4398315143296,272
24095,MARDI,2024-11-26 00:00:00,40,25,31,11,7,12,9,550846334016,2304
24094,VENDREDI,2024-11-22 00:00:00,12,10,29,11,31,11,8,1342180864,1152
24093,MARDI,2024-11-19 00:00:00,28,20,49,13,4,7,12,281475111456776,2112
24092,VENDREDI,2024-11-15 00:00:00,7,39,8,44,34,2,6,9079560863936,34
24091,MARDI,2024-11-12 00:00:00,11,12,50,10,22,10,1,562949955522048,513
24090,VENDREDI,2024-11-08 00:00:00,48,2,35,33,42,1,3,142957986447362,5
24089,MARDI,2024-11-05 00:00:00,50,8,37,1,19,9,6,563018673160321,288
24088,VENDREDI,2024-11-01 00:00:00,44,7,50,33,38,2,7,571887780364352,66
24087,MARDI,2024-10-29 00:00:00,45,30,19,1,2,12,10,17592723177475,2560
24086,VENDREDI,2024-10-25 00:00:00,4,20,45,25,17,9,8,17592203411464,384
24085,MARDI,2024-10-22 00:00:00,13,46,3,27,30,1,2,35184976072708,3
24084,VENDREDI,2024-10-18 00:00:00,23,39,4,15,30,12,1,275418988552,2049
24083,MARDI,2024-10-15 00:00:00,15,48,2,36,32,3,9,140773995593730,260
24082,VENDREDI,2024-10-11 00:00:00,23,46,32,16,49,5,4,316661500510208,24
24081,MARDI,2024-10-08 00:00:00,7,19,34,14,40,8,6,558346018880,160
24080,VENDREDI,2024-10-04 00:00:00,4,17,8,16,20,6,1,622728,33
24079,MARDI,2024-10-01 00:00:00,22,41,8,42,29,9,11,3298805416064,1280
24078,VENDREDI,2024-09-27 00:00:00,7,21,38,20,27,12,5,137507635264,2064
24077,MARDI,2024-09-24 00:00:00,20,21,49,36,18,5,3,281509338152960,20
24076,VENDREDI,2024-09-20 00:00:00,16,37,34,25,29,3,7,77594656768,68
24075,MARDI,2024-09-17 00:00:00,30,32,20,41,44,10,1,9898289528832,513
24074,VENDREDI,2024-09-13 00:00:00,31,42,10,15,17,4,12,2200097079808,2056
24073,MARDI,2024-09-10 00:00:00,48,46,6,29,47,9,2,246290873057312,258
24072,VENDREDI,2024-09-06 00:00:00,34,47,14,12,41,3,4,71476845750272,12
24071,MARDI,2024-09-03 00:00:00,7,9,11,45,16,5,2,17592186078528,18
24070,VENDREDI,2024-08-30 00:00:00,3,24,42,33,27,6,4,2203393720324,40
24069,MARDI,2024-08-27 00:00:00,1,47,42,8,11,11,4,72567767434369,1032
24068,VENDREDI,2024-08-23 00:00:00,50,47,24,9,15,8,9,633318706004224,384
24067,MARDI,2024-08-20 00:00:00,10,18,13,26,7,12,3,33690176,2052
24066,VENDREDI,2024-08-16 00:00:00,49,45,15,29,17,10,1,299067431272448,513
24065,MARDI,2024-08-13 00:00:00,15,16,40,47,39,1,6,71193377947648,33
24064,VENDREDI,2024-08-09 00:00:00,33,23,25,44,21,4,10,8800410009600,520
24063,MARDI,2024-08-06 00:00:00,41,27,50,1,18,2,12,564049532289025,2050
24062,VENDREDI,2024-08-02 00:00:00,12,7,33,5,46,3,12,35188667058256,2052
24061,MARDI,2024-07-30 00:00:00,28,37,9,38,25,2,8,206309425408,130
24060,VENDREDI,2024-07-26 00:00:00,35,37,23,19,4,8,4,85903802376,136
24059,MARDI,2024-07-23 00:00:00,8,10,16,34,4,8,4,8589968008,136
24058,VENDREDI,2024-07-19 00:00:00,44,22,35,48,15,6,7,149550763360256,96
24057,MARDI,2024-07-16 00:00:00,39,35,2,36,32,7,8,328564998146,192
24056,VENDREDI,2024-07-12 00:00:00,12,39,24,25,18,10,8,274903205888,640
24055,MARDI,2024-07-09 00:00:00,28,15,19,39,6,7,11,275012403232,1088
24054,VENDREDI,2024-07-05 00:00:00,29,47,31,13,11,11,1,70370086360064,1025
24053,MARDI,2024-07-02 00:00:00,46,7,2,34,35,6,8,35210141892674,160
24052,VENDREDI,2024-06-28 00:00:00,10,18,35,16,22,10,1,17182130688,513
24051,MARDI,2024-06-25 00:00:00,14,16,49,45,37,5,7,299135882272768,80
24050,VENDREDI,2024-06-21 00:00:00,4,3,11,7,17,12,3,66636,2052
24049,MARDI,2024-06-18 00:00:00,34,11,36,33,3,12,1,47244641284,2049
24048,VENDREDI,2024-06-14 00:00:00,13,2,16,24,32,7,1,2155909122,65
24047,MARDI,2024-06-11 00:00:00,48,15,7,34,45,7,9,158338264350784,320
24046,VENDREDI,2024-06-07 00:00:00,30,26,15,37,16,8,5,69289951232,144
24045,MARDI,2024-06-04 00:00:00,43,7,6,9,14,4,3,4398046519648,12
24044,VENDREDI,2024-05-31 00:00:00,16,33,4,34,7,8,7,12884934728,192
24043,MARDI,2024-05-28 00:00:00,18,16,35,41,36,6,7,1151051399168,96
24042,VENDREDI,2024-05-24 00:00:00,12,9,22,18,50,1,3,562949955651840,5
24041,MARDI,2024-05-21 00:00:00,13,11,48,14,34,9,7,140746078303232,320
24040,VENDREDI,2024-05-17 00:00:00,31,41,46,32,18,10,1,36287105073152,513
24039,MARDI,2024-05-14 00:00:00,35,2,8,28,17,7,9,17314152578,320
24038,VENDREDI,2024-05-10 00:00:00,29,44,13,48,28,12,4,149533984034816,2056
24037,MARDI,2024-05-07 00:00:00,45,35,42,36,41,11,6,20942260535296,1056
24036,VENDREDI,2024-05-03 00:00:00,6,49,9,30,10,4,3,281475513582368,12
24035,MARDI,2024-04-30 00:00:00,24,47,13,22,33,5,1,70373049634816,17
24034,VENDREDI,2024-04-26 00:00:00,47,2,39,20,40,8,4,71193378422786,136
24033,MARDI,2024-04-23 00:00:00,9,49,11,6,32,2,10,281477124195616,514
24032,VENDREDI,2024-04-19 00:00:00,10,20,46,40,44,1,3,44530221449728,5
24031,MARDI,2024-04-16 00:00:00,39,31,46,29,22,3,7,35460594270208,68
24030,VENDREDI,2024-04-12 00:00:00,45,16,12,2,3,11,2,17592186079238,1026
24029,MARDI,2024-04-09 00:00:00,27,46,19,23,26,2,10,35184477208576,514
24028,VENDREDI,2024-04-05 00:00:00,26,37,35,18,13,11,8,85933035520,1152
24027,MARDI,2024-04-02 00:00:00,36,1,48,23,31,8,5,140772926029825,144
24026,VENDREDI,2024-03-29 00:00:00,49,35,36,17,16,10,1,281526516416512,513
24025,MARDI,2024-03-26 00:00:00,14,26,29,13,2,5,6,302002178,48
24024,VENDREDI,2024-03-22 00:00:00,32,8,44,11,23,9,10,8798244701312,768
24023,MARDI,2024-03-19 00:00:00,32,18,7,20,16,1,3,2148171840,5
24022,VENDREDI,2024-03-15 00:00:00,31,40,34,4,1,4,5,559419490313,24
24021,MARDI,2024-03-12 00:00:00,30,38,19,13,46,4,12,35322348179456,2056
24020,VENDREDI,2024-03-08 00:00:00,12,11,8,44,16,4,7,8796093058176,72
24019,MARDI,2024-03-05 00:00:00,23,36,2,17,15,8,3,34364014594,132
24018,VENDREDI,2024-03-01 00:00:00,34,20,4,19,7,2,4,8590721096,10
24017,MARDI,2024-02-27 00:00:00,20,3,4,9,12,5,6,526604,48
24016,VENDREDI,2024-02-23 00:00:00,27,49,30,24,28,1,12,281475723296768,2049
24015,MARDI,2024-02-20 00:00:00,42,31,37,48,23,7,3,143006309023744,68
24014,VENDREDI,2024-02-16 00:00:00,26,14,13,24,8,1,2,41955456,3
24013,MARDI,2024-02-13 00:00:00,13,18,46,17,20,9,4,35184372813824,264
24012,VENDREDI,2024-02-09 00:00:00,37,35,45,24,23,12,9,17678097973248,2304
24011,MARDI,2024-02-06 00:00:00,45,7,2,28,21,11,5,17592321310786,1040
24010,VENDREDI,2024-02-02 00:00:00,13,42,27,23,20,9,5,2199095087104,272
24009,MARDI,2024-01-30 00:00:00,10,27,5,30,19,6,5,604242448,48
24008,VENDREDI,2024-01-26 00:00:00,32,19,41,8,42,12,9,3300682629248,2304
24007,MARDI,2024-01-23 00:00:00,48,23,14,50,39,12,3,703962323886080,2052
24006,VENDREDI,2024-01-19 00:00:00,50,27,28,48,44,7,12,712483736125440,2112
24005,MARDI,2024-01-16 00:00:00,18,21,33,45,10,12,8,17596482191872,2176
24004,VENDREDI,2024-01-12 00:00:00,18,16,17,49,45,9,12,299067162984448,2304
24003,MARDI,2024-01-09 00:00:00,12,9,2,39,40,3,1,824633723138,5
24002,VENDREDI,2024-01-05 00:00:00,18,4,39,7,50,8,3,563224831459400,132
24001,MARDI,2024-01-02 00:00:00,7,18,49,46,15,12,10,316659348947008,2560
23104,VENDREDI,2023-12-29 00:00:00,2,36,19,37,3,9,6,103079477254,288
23103,MARDI,2023-12-26 00:00:00,47,27,8,30,35,9,10,70386528026752,768
23102,VENDREDI,2023-12-22 00:00:00,14,49,34,44,6,12,4,290279659675680,2056
23101,MARDI,2023-12-19 00:00:00,20,43,41,45,10,12,2,23089744708096,2050
23100,VENDREDI,2023-12-15 00:00:00,2,13,37,38,48,9,5,140943646789634,272
23099,MARDI,2023-12-12 00:00:00,43,39,28,37,6,9,12,4741778112544,2304
23098,VENDREDI,2023-12-08 00:00:00,48,30,50,42,17,4,8,705887001968640,136
23097,MARDI,2023-12-05 00:00:00,6,20,4,24,25,5,9,25690152,272
23096,VENDREDI,2023-12-01 00:00:00,38,10,4,14,50,9,12,563087392383496,2304
23095,MARDI,2023-11-28 00:00:00,27,44,12,33,16,7,8,8800455133184,192
23094,VENDREDI,2023-11-24 00:00:00,48,15,29,20,39,7,1,141012635238400,65
23093,MARDI,2023-11-21 00:00:00,46,47,29,34,19,2,3,105561974898688,6
23092,VENDREDI,2023-11-17 00:00:00,26,50,24,2,46,2,7,598134367453186,66
23091,MARDI,2023-11-14 00:00:00,13,50,36,16,44,3,5,571780406218752,20
23090,VENDREDI,2023-11-10 00:00:00,30,42,10,21,38,12,2,2337000129024,2050
23089,MARDI,2023-11-07 00:00:00,8,10,11,39,30,10,4,275414779520,520
23088,VENDREDI,2023-11-03 00:00:00,31,47,21,39,8,9,5,70644696875136,272
23087,MARDI,2023-10-31 00:00:00,20,40,5,50,7,10,2,563499709759568,514
23086,VENDREDI,2023-10-27 00:00:00,29,48,33,49,35,8,3,422234208337920,132
23085,MARDI,2023-10-24 00:00:00,18,16,8,31,34,6,9,9663840384,288
23084,VENDREDI,2023-10-20 00:00:00,20,40,28,2,45,5,1,18142076600322,17
23083,MARDI,2023-10-17 00:00:00,40,20,10,35,17,4,3,566936273408,12
23082,VENDREDI,2023-10-13 00:00:00,41,26,21,40,28,4,2,1649436262400,10
23081,MARDI,2023-10-10 00:00:00,18,33,20,22,43,3,9,4402344230912,260
23080,VENDREDI,2023-10-06 00:00:00,31,43,21,29,34,2,9,4407979671552,258
23079,MARDI,2023-10-03 00:00:00,45,6,22,24,20,5,4,17592197054496,24
23078,VENDREDI,2023-09-29 00:00:00,32,9,11,21,13,7,2,2148537600,66
23077,MARDI,2023-09-26 00:00:00,14,6,23,2,19,5,7,4464674,80
23076,VENDREDI,2023-09-22 00:00:00,3,23,35,34,24,8,5,25782386692,144
23075,MARDI,2023-09-19 00:00:00,10,31,41,15,42,2,5,3299608642048,18
23074,VENDREDI,2023-09-15 00:00:00,21,45,12,48,14,8,11,158329675458560,1152
23073,MARDI,2023-09-12 00:00:00,14,5,42,36,40,11,2,2783138816016,1026
23072,VENDREDI,2023-09-08 00:00:00,33,20,10,21,26,4,3,4330095104,12
23071,MARDI,2023-09-05 00:00:00,41,48,7,1,24,10,12,141837008371777,2560
23070,VENDREDI,2023-09-01 00:00:00,35,43,37,5,4,5,6,4483945857048,48
23069,MARDI,2023-08-29 00:00:00,21,40,23,32,49,11,8,282026885251072,1152
23068,VENDREDI,2023-08-25 00:00:00,44,35,16,34,17,5,10,8821862924288,528
23067,MARDI,2023-08-22 00:00:00,23,9,40,2,32,6,7,551907492098,96
23066,VENDREDI,2023-08-18 00:00:00,47,25,23,30,44,9,12,79165395042304,2304
23065,MARDI,2023-08-15 00:00:00,3,32,5,43,9,6,10,4400193995028,544
23064,VENDREDI,2023-08-11 00:00:00,10,13,34,4,6,3,5,8589939240,20
23063,MARDI,2023-08-08 00:00:00,40,8,33,9,35,6,3,571230650752,36
23062,VENDREDI,2023-08-04 00:00:00,15,31,48,20,44,1,3,149534655660032,5
23061,MARDI,2023-08-01 00:00:00,35,27,25,45,40,7,11,18159205613568,1088
23060,VENDREDI,2023-07-28 00:00:00,38,7,34,32,33,9,6,152471339072,288
23059,MARDI,2023-07-25 00:00:00,11,7,27,5,37,12,6,68786586704,2080
23058,VENDREDI,2023-07-21 00:00:00,7,35,33,36,31,10,7,56908316736,576
23057,MARDI,2023-07-18 00:00:00,34,35,12,4,45,9,1,17617955850248,257
23056,VENDREDI,2023-07-14 00:00:00,5,29,48,8,35,5,6,140754936660112,48
23055,MARDI,2023-07-11 00:00:00,48,28,2,11,42,4,9,142936645829634,264
23054,VENDREDI,2023-07-07 00:00:00,2,12,19,11,38,8,4,137439218690,136
23053,MARDI,2023-07-04 00:00:00,23,36,44,17,14,8,2,8830457028608,130
23052,VENDREDI,2023-06-30 00:00:00,29,25,6,36,1,10,7,34644951073,576
23051,MARDI,2023-06-27 00:00:00,27,22,44,17,23,7,1,8796166488064,65
23050,VENDREDI,2023-06-23 00:00:00,11,3,33,46,1,10,11,35188667057157,1536
23049,MARDI,2023-06-20 00:00:00,35,28,11,32,17,6,5,19461637120,48
23048,VENDREDI,2023-06-16 00:00:00,34,7,41,26,44,9,11,9904228139072,1280
23047,MARDI,2023-06-13 00:00:00,15,16,21,50,41,5,6,564049466146816,48
23046,VENDREDI,2023-06-09 00:00:00,18,26,36,50,41,11,12,564083858472960,3072
23045,MARDI,2023-06-06 00:00:00,21,13,39,32,50,10,2,563226979864576,514
23044,VENDREDI,2023-06-02 00:00:00,25,3,15,43,12,10,11,4398063306756,1536
23043,MARDI,2023-05-30 00:00:00,27,47,33,29,32,8,2,70375522172928,130
23042,VENDREDI,2023-05-26 00:00:00,38,25,15,37,41,1,7,1305686851584,65
23041,MARDI,2023-05-23 00:00:00,34,5,14,6,23,11,2,8594137136,1026
23040,VENDREDI,2023-05-19 00:00:00,41,27,34,49,18,3,9,282583145512960,260
23039,MARDI,2023-05-16 00:00:00,14,6,9,4,37,4,11,68719485224,1032
23038,VENDREDI,2023-05-12 00:00:00,9,44,13,39,10,6,4,9070970934016,40
23037,MARDI,2023-05-09 00:00:00,21,28,13,17,46,9,7,35184507424768,320
23036,VENDREDI,2023-05-05 00:00:00,34,8,49,18,3,3,7,281483566776452,68
23035,MARDI,2023-05-02 00:00:00,48,44,32,7,47,8,7,219904473038912,192
23034,VENDREDI,2023-04-28 00:00:00,34,23,11,13,16,1,10,8594166784,513
23033,MARDI,2023-04-25 00:00:00,29,45,40,10,30,12,1,18142747165184,2049
23032,VENDREDI,2023-04-21 00:00:00,18,8,7,42,33,8,2,2203318354112,130
23031,MARDI,2023-04-18 00:00:00,37,21,17,35,23,11,10,85904654336,1536
23030,VENDREDI,2023-04-14 00:00:00,44,4,37,49,11,7,6,290339789210632,96
23029,MARDI,2023-04-11 00:00:00,19,16,14,29,10,2,10,268739072,514
23028,VENDREDI,2023-04-07 00:00:00,26,28,46,5,36,12,6,35218899599376,2080
23027,MARDI,2023-04-04 00:00:00,50,33,16,31,10,3,8,562955322163712,132
23026,VENDREDI,2023-03-31 00:00:00,28,34,47,16,18,10,5,70377468493824,528
23025,MARDI,2023-03-28 00:00:00,21,16,34,36,44,9,10,8839043776512,768
23024,VENDREDI,2023-03-24 00:00:00,36,25,5,46,12,10,6,35218748606480,544
23023,MARDI,2023-03-21 00:00:00,29,1,9,32,20,3,2,2416443649,6
23022,VENDREDI,2023-03-17 00:00:00,37,5,26,15,49,8,11,281543729758224,1152
23021,MARDI,2023-03-14 00:00:00,26,46,28,31,16,12,11,35185613635584,3072
23020,VENDREDI,2023-03-10 00:00:00,9,16,48,37,38,7,2,140943646818560,66
23019,MARDI,2023-03-07 00:00:00,50,24,35,13,11,6,11,562967141684224,1056
23018,VENDREDI,2023-03-03 00:00:00,24,3,8,50,6,10,11,562949961810084,1536
23017,MARDI,2023-02-28 00:00:00,29,33,12,37,47,10,5,70442027059200,528
23016,VENDREDI,2023-02-24 00:00:00,42,34,7,23,48,1,3,142945105739840,5
23015,MARDI,2023-02-21 00:00:00,49,41,22,34,21,2,7,282583081418752,66
23014,VENDREDI,2023-02-17 00:00:00,42,27,45,23,8,1,9,19791280603264,257
23013,MARDI,2023-02-14 00:00:00,43,24,46,26,38,2,3,39719899496448,6
23012,VENDREDI,2023-02-10 00:00:00,3,13,36,25,47,3,8,70403120697348,132
23011,MARDI,2023-02-07 00:00:00,8,47,34,44,2,9,3,79173427134594,260
23010,VENDREDI,2023-02-03 00:00:00,14,32,45,2,17,10,3,17594333601794,516
23009,MARDI,2023-01-31 00:00:00,7,12,33,43,19,3,7,4402341742656,68
23008,VENDREDI,2023-01-27 00:00:00,15,19,31,8,9,12,10,1074020736,2560
23007,MARDI,2023-01-24 00:00:00,11,27,47,41,43,7,11,75866369426432,1088
23006,VENDREDI,2023-01-20 00:00:00,40,6,13,42,3,7,11,2748779073572,1088
23005,MARDI,2023-01-17 00:00:00,18,46,30,50,21,2,6,598134863560704,34
23004,VENDREDI,2023-01-13 00:00:00,13,4,33,25,37,10,5,73031225352,528
23003,MARDI,2023-01-10 00:00:00,42,11,34,13,40,10,3,2757369009152,516
23002,VENDREDI,2023-01-06 00:00:00,44,16,35,45,31,12,4,26406532710400,2056
23001,MARDI,2023-01-03 00:00:00,20,29,21,46,45,10,3,52776828141568,516
22104,VENDREDI,2022-12-30 00:00:00,48,42,17,34,47,1,9,213313845788672,257
22103,MARDI,2022-12-27 00:00:00,33,31,19,34,43,5,3,4412005416960,20
22102,VENDREDI,2022-12-23 00:00:00,16,17,26,23,35,5,11,17217716224,1040
22101,MARDI,2022-12-20 00:00:00,1,20,11,17,27,4,5,67699713,24
22100,VENDREDI,2022-12-16 00:00:00,2,15,44,35,19,7,2,8813273169922,66
22099,MARDI,2022-12-13 00:00:00,30,3,12,26,9,10,11,570427652,1536
22098,VENDREDI,2022-12-09 00:00:00,8,46,31,27,50,3,1,598135466360960,5
22097,MARDI,2022-12-06 00:00:00,20,25,27,26,12,8,12,117966848,2176
22096,VENDREDI,2022-12-02 00:00:00,39,12,35,21,45,11,6,17884244871168,1056
22095,MARDI,2022-11-29 00:00:00,20,38,35,15,24,12,8,154627751936,2176
22094,VENDREDI,2022-11-25 00:00:00,21,19,39,35,37,2,6,360778563584,34
22093,MARDI,2022-11-22 00:00:00,24,29,42,21,22,3,11,2199303225344,1028
22092,VENDREDI,2022-11-18 00:00:00,41,13,35,19,16,11,1,1116691795968,1025
22091,MARDI,2022-11-15 00:00:00,31,21,13,24,33,1,12,5378150400,2049
22090,VENDREDI,2022-11-11 00:00:00,25,2,19,44,24,2,10,8796118450178,514
22089,MARDI,2022-11-08 00:00:00,50,32,33,5,3,1,8,562956395872276,129
22088,VENDREDI,2022-11-04 00:00:00,11,2,37,47,45,2,3,88029649699842,6
22087,MARDI,2022-11-01 00:00:00,42,48,19,37,47,6,1,213373975527424,33
22086,VENDREDI,2022-10-28 00:00:00,28,35,21,16,14,11,1,17315176448,1025
22085,MARDI,2022-10-25 00:00:00,24,7,46,34,39,6,1,35467848319040,33
22084,VENDREDI,2022-10-21 00:00:00,26,28,38,25,40,1,6,687379316736,33
22083,MARDI,2022-10-18 00:00:00,42,3,5,48,13,6,1,142936511614996,33
22082,VENDREDI,2022-10-14 00:00:00,28,48,29,24,34,7,3,140746489331712,68
22081,MARDI,2022-10-11 00:00:00,40,35,8,32,23,8,1,569087361152,129
22080,VENDREDI,2022-10-07 00:00:00,50,27,45,26,42,12,1,582741263384576,2049
22079,MARDI,2022-10-04 00:00:00,3,28,18,43,42,12,3,6597204115460,2052
22078,VENDREDI,2022-09-30 00:00:00,2,16,11,1,26,3,12,33588227,2052
22077,MARDI,2022-09-27 00:00:00,34,4,44,20,21,3,1,8804684529672,5
22076,VENDREDI,2022-09-23 00:00:00,22,35,48,15,14,8,3,140754670346240,132
22075,MARDI,2022-09-20 00:00:00,21,11,32,48,23,12,3,140739641082880,2052
22074,VENDREDI,2022-09-16 00:00:00,49,10,45,36,27,3,4,299101589602816,12
22073,MARDI,2022-09-13 00:00:00,40,9,12,15,47,1,11,70918500010240,1025
22072,VENDREDI,2022-09-09 00:00:00,26,17,23,24,27,4,9,113311744,264
22071,MARDI,2022-09-06 00:00:00,10,44,7,29,22,4,5,8796363555392,24
22070,VENDREDI,2022-09-02 00:00:00,7,45,12,20,13,3,12,17592186574912,2052
22069,MARDI,2022-08-30 00:00:00,6,10,4,15,19,1,4,279080,9
22068,VENDREDI,2022-08-26 00:00:00,22,23,44,25,38,12,11,8933555044352,3072
22067,MARDI,2022-08-23 00:00:00,48,39,26,19,31,2,3,141013473820672,6
20222066,VENDREDI,2022-08-18 00:00:00,9,2,19,38,13,2,6,137439219970,34
22065,MARDI,2022-08-16 00:00:00,10,25,14,39,32,7,8,277042176512,192
22064,VENDREDI,2022-08-12 00:00:00,14,42,35,17,34,10,6,2224793133056,544
22063,MARDI,2022-08-09 00:00:00,47,18,21,19,27,11,5,70368812728320,1040
22062,VENDREDI,2022-08-05 00:00:00,29,3,44,33,35,10,8,8817836294148,640
22061,MARDI,2022-08-02 00:00:00,28,48,18,40,7,11,8,141287378518080,1152
22060,VENDREDI,2022-07-29 00:00:00,38,48,43,23,3,8,3,145272978014212,132
22059,MARDI,2022-07-26 00:00:00,3,5,17,27,25,9,1,83951636,257
22058,VENDREDI,2022-07-22 00:00:00,32,29,50,18,16,11,4,562952369504256,1032
22057,MARDI,2022-07-19 00:00:00,41,6,27,40,23,2,12,1649338744864,2050
22056,VENDREDI,2022-07-15 00:00:00,38,17,29,9,39,10,7,412585361664,576
22055,MARDI,2022-07-12 00:00:00,50,18,25,24,14,11,6,562949978726400,1056
22054,VENDREDI,2022-07-08 00:00:00,28,46,43,35,31,7,4,39600806428672,72
22053,MARDI,2022-07-05 00:00:00,7,25,48,45,10,3,6,158329691177536,36
22052,VENDREDI,2022-07-01 00:00:00,46,6,34,24,18,12,3,35192970543136,2052
20222051,MARDI   ,2022-06-28 00:00:00,35,10,47,42,48,11,2,213322435658240,1026
20222050,VENDREDI,2022-06-24 00:00:00,50,44,17,10,28,12,8,571746180727296,2176
20222049,MARDI   ,2022-06-21 00:00:00,23,36,39,6,47,10,8,70677986017312,640
20222048,VENDREDI,2022-06-17 00:00:00,21,22,38,19,31,7,11,138516103168,1088
20222047,MARDI   ,2022-06-14 00:00:00,7,40,2,27,34,3,11,558412857410,1028
20222046,VENDREDI,2022-06-10 00:00:00,37,26,40,17,36,9,12,652868648960,2304
20222045,MARDI   ,2022-06-07 00:00:00,17,6,31,25,16,2,6,1090617376,34
20222044,VENDREDI,2022-06-03 00:00:00,29,12,48,28,34,9,11,140746480945152,1280
20222043,MARDI   ,2022-05-31 00:00:00,42,13,10,49,3,3,9,283673999970820,260
20222042,VENDREDI,2022-05-27 00:00:00,15,34,28,48,23,3,5,140746216718336,20
20222041,MARDI   ,2022-05-24 00:00:00,27,13,10,36,37,10,2,103146328576,514
20222040,VENDREDI,2022-05-20 00:00:00,32,23,8,22,50,3,9,562952107196544,260
20222039,MARDI   ,2022-05-17 00:00:00,49,28,30,5,48,5,11,422213136154640,1040
20222038,VENDREDI,2022-05-13 00:00:00,11,45,17,48,3,8,4,158329674466308,136
20222037,MARDI   ,2022-05-10 00:00:00,28,3,29,25,27,4,9,486539268,264
20222036,VENDREDI,2022-05-06 00:00:00,3,24,8,18,40,11,3,549764333700,1028
20222035,MARDI   ,2022-05-03 00:00:00,26,48,47,8,20,8,3,211106266611840,132
20222034,VENDREDI,2022-04-29 00:00:00,37,36,10,20,11,7,3,103079740928,68
20222033,MARDI   ,2022-04-26 00:00:00,25,4,28,34,45,11,8,17600926973960,1152
20222032,VENDREDI,2022-04-22 00:00:00,11,6,35,36,21,9,1,51540657184,257
20222031,MARDI   ,2022-04-19 00:00:00,28,46,2,17,12,10,6,35184506374146,544
20222030,VENDREDI,2022-04-15 00:00:00,32,48,6,24,30,6,5,140740181098528,48
20222029,MARDI   ,2022-04-12 00:00:00,30,47,35,31,21,10,2,70387535708160,514
20222028,VENDREDI,2022-04-08 00:00:00,16,38,1,45,15,4,11,17729625047041,1032
20222027,MARDI   ,2022-04-05 00:00:00,13,1,24,11,49,5,6,281474985104385,48
20222026,VENDREDI,2022-04-01 00:00:00,21,45,31,2,7,10,4,17593260834882,520
20222025,MARDI   ,2022-03-29 00:00:00,43,33,11,8,42,11,6,6601364735104,1056
20222024,VENDREDI,2022-03-25 00:00:00,10,29,24,6,27,12,5,343933472,2064
20222023,MARDI   ,2022-03-22 00:00:00,7,29,17,40,21,8,11,550025363520,1152
20222022,VENDREDI,2022-03-18 00:00:00,43,1,9,14,17,12,6,4398046585089,2080
20222021,MARDI   ,2022-03-15 00:00:00,2,26,19,12,1,8,2,33818627,130
20222020,VENDREDI,2022-03-11 00:00:00,23,22,12,19,48,6,2,140737494910976,34
20222019,MARDI   ,2022-03-08 00:00:00,18,12,31,25,21,9,2,1091700736,258
20222018,VENDREDI,2022-03-04 00:00:00,40,20,43,6,42,10,12,7146826104864,2560
20222017,MARDI   ,2022-03-01 00:00:00,26,24,42,39,8,5,3,2473943105664,20
20222016,VENDREDI,2022-02-25 00:00:00,24,10,30,42,13,1,5,2199568519680,17
20222015,MARDI   ,2022-02-22 00:00:00,26,32,14,5,9,7,3,2181046544,68
20222014,VENDREDI,2022-02-18 00:00:00,25,41,50,43,38,6,10,568584967290880,544
20222013,MARDI   ,2022-02-15 00:00:00,33,20,31,9,44,12,2,8801462255872,2050
20222012,VENDREDI,2022-02-11 00:00:00,45,13,42,18,38,7,11,19928648388608,1088
20222011,MARDI   ,2022-02-08 00:00:00,43,34,20,6,37,7,10,4475356446752,576
20222010,VENDREDI,2022-02-04 00:00:00,49,38,3,25,43,7,3,286010478952452,68
20222009,MARDI   ,2022-02-01 00:00:00,49,36,1,19,38,9,6,281646775664641,288
20222008,VENDREDI,2022-01-28 00:00:00,34,10,25,29,45,10,9,17601061192192,768
20222007,MARDI   ,2022-01-25 00:00:00,16,6,47,18,39,2,4,70643622248480,10
20222006,VENDREDI,2022-01-21 00:00:00,5,35,39,14,36,12,7,326417522704,2112
20222005,MARDI   ,2022-01-18 00:00:00,12,30,24,3,19,5,2,545523716,18
20222004,VENDREDI,2022-01-14 00:00:00,25,6,46,17,31,12,9,35185462673440,2304
20222003,MARDI   ,2022-01-11 00:00:00,33,23,44,32,4,12,9,8802539667464,2304
20222002,VENDREDI,2022-01-07 00:00:00,14,2,50,37,44,7,11,571814765928450,1088
20222001,MARDI   ,2022-01-04 00:00:00,28,41,18,35,36,6,11,1151185584128,1056
20211105,VENDREDI,2021-12-31 00:00:00,25,7,43,22,49,7,6,285873042096192,96
20211104,MARDI   ,2021-12-28 00:00:00,4,29,15,17,6,9,12,268517416,2304
20211103,VENDREDI,2021-12-24 00:00:00,41,2,34,26,28,10,5,1108269334530,528
20211102,MARDI   ,2021-12-21 00:00:00,34,38,17,12,21,2,3,146030004224,6
20211101,VENDREDI,2021-12-17 00:00:00,30,1,35,2,15,2,7,17716756483,66
20211100,MARDI   ,2021-12-14 00:00:00,37,19,47,21,48,3,6,211174953320448,36
20211099,VENDREDI,2021-12-10 00:00:00,11,21,42,38,33,8,2,2340758225920,130
20211098,MARDI   ,2021-12-07 00:00:00,22,31,46,47,38,7,11,105691631058944,1088
20211097,VENDREDI,2021-12-03 00:00:00,46,21,32,22,29,9,10,35186791153664,768
20211096,MARDI   ,2021-11-30 00:00:00,43,19,33,26,20,4,1,4402375819264,9
20211095,VENDREDI,2021-11-26 00:00:00,50,20,41,42,1,3,7,566248488828929,68
20211094,MARDI   ,2021-11-23 00:00:00,21,17,42,36,46,10,7,37417756196864,576
20211093,VENDREDI,2021-11-19 00:00:00,50,26,47,22,38,6,2,633456172204032,34
20211092,MARDI   ,2021-11-16 00:00:00,9,32,36,19,21,4,3,36508532992,12
20211091,VENDREDI,2021-11-12 00:00:00,50,15,9,47,2,9,6,633318697615618,288
20211090,MARDI   ,2021-11-09 00:00:00,33,25,36,26,17,8,1,38705102848,129
20211089,VENDREDI,2021-11-05 00:00:00,41,25,2,12,30,11,8,1100065277954,1152
20211088,MARDI   ,2021-11-02 00:00:00,29,43,2,3,17,4,1,4398315012102,9
20211087,VENDREDI,2021-10-29 00:00:00,28,10,32,15,49,9,3,281477258428928,260
20211086,MARDI   ,2021-10-26 00:00:00,12,44,42,15,20,2,1,10995116820480,3
20211085,VENDREDI,2021-10-22 00:00:00,33,12,17,39,22,2,12,279175038976,2050
20211084,MARDI   ,2021-10-19 00:00:00,40,4,36,41,20,1,6,1683627704328,33
20211083,VENDREDI,2021-10-15 00:00:00,49,21,26,34,31,5,2,281484674990080,18
20211082,MARDI   ,2021-10-12 00:00:00,13,45,22,6,49,10,11,299067164856352,1536
20211081,VENDREDI,2021-10-08 00:00:00,10,42,23,46,1,3,5,37383399539201,20
20211080,MARDI   ,2021-10-05 00:00:00,45,14,36,13,11,7,9,17626545796096,320
20211079,VENDREDI,2021-10-01 00:00:00,1,19,15,48,26,6,12,140737522188289,2080
20211078,MARDI   ,2021-09-28 00:00:00,12,7,6,33,39,7,1,279172876384,65
20211077,VENDREDI,2021-09-24 00:00:00,27,12,20,2,41,10,12,1099579262978,2560
20211076,MARDI   ,2021-09-21 00:00:00,20,25,26,30,38,8,2,138026680320,130
20211075,VENDREDI,2021-09-17 00:00:00,10,7,5,8,34,9,1,8589935312,257
20211074,MARDI   ,2021-09-14 00:00:00,12,38,45,18,35,2,8,17746805000192,130
20211073,VENDREDI,2021-09-10 00:00:00,6,7,28,18,1,2,8,134348897,130
20211072,MARDI   ,2021-09-07 00:00:00,42,7,19,35,43,7,9,6614249898048,320
20211071,VENDREDI,2021-09-03 00:00:00,5,13,29,35,7,3,7,17448308816,68
20211070,MARDI   ,2021-08-31 00:00:00,17,5,32,13,43,2,10,4400194064400,514
20211069,VENDREDI,2021-08-27 00:00:00,31,46,3,50,2,12,8,598135399251974,2176
20211068,MARDI   ,2021-08-24 00:00:00,21,36,44,19,50,3,10,571780407492608,516
20211067,VENDREDI,2021-08-20 00:00:00,3,19,9,20,23,11,9,4980996,1280
20211066,MARDI   ,2021-08-17 00:00:00,47,12,41,42,31,6,4,73668352804864,40
20211065,VENDREDI,2021-08-13 00:00:00,49,44,47,12,6,8,12,360639813912608,2176
20211064,MARDI   ,2021-08-10 00:00:00,47,9,48,49,37,2,7,492649928720640,66
20211063,VENDREDI,2021-08-06 00:00:00,32,21,7,26,14,12,4,2182094912,2056
20211062,MARDI   ,2021-08-03 00:00:00,46,23,45,21,17,7,11,52776563441664,1088
20211061,VENDREDI,2021-07-30 00:00:00,23,10,35,33,37,5,10,90198508032,528
20211060,MARDI   ,2021-07-27 00:00:00,19,21,25,5,9,12,10,18088208,2560
20211059,VENDREDI,2021-07-23 00:00:00,34,50,26,23,24,4,2,562958589493248,10
20211058,MARDI   ,2021-07-20 00:00:00,19,48,3,41,12,6,9,141837000247300,288
20211057,VENDREDI,2021-07-16 00:00:00,47,5,16,42,49,3,11,354042744176656,1028
20211056,MARDI   ,2021-07-13 00:00:00,22,11,6,8,5,3,4,2098352,12
20211055,VENDREDI,2021-07-09 00:00:00,37,19,6,36,49,11,4,281578056187936,1032
20211054,MARDI   ,2021-07-06 00:00:00,2,42,5,27,21,9,11,2199091413010,1280
20211053,VENDREDI,2021-07-02 00:00:00,49,29,38,9,14,7,10,281612684108032,576
20211052,MARDI   ,2021-06-29 00:00:00,6,12,24,20,48,6,5,140737497270304,48
20211051,VENDREDI,2021-06-25 00:00:00,33,29,36,1,30,12,3,39460012033,2052
20211050,MARDI   ,2021-06-22 00:00:00,27,24,26,6,41,8,3,1099620679712,132
20211049,VENDREDI,2021-06-18 00:00:00,27,20,41,11,30,3,5,1100116132864,20
20211048,MARDI   ,2021-06-15 00:00:00,30,31,11,26,21,2,3,1645216768,6
20211047,VENDREDI,2021-06-11 00:00:00,17,33,9,21,39,7,11,279173988608,1088
20211046,MARDI   ,2021-06-08 00:00:00,47,26,2,36,11,9,7,70403137471490,320
20211045,VENDREDI,2021-06-04 00:00:00,40,20,36,46,7,2,4,35768488165440,10
20211044,MARDI   ,2021-06-01 00:00:00,35,10,44,3,26,7,6,8813306446340,96
20211043,VENDREDI,2021-05-28 00:00:00,16,40,13,11,34,1,12,558345786368,2049
20211042,MARDI   ,2021-05-25 00:00:00,38,21,26,1,30,8,2,138010427393,130
20211041,VENDREDI,2021-05-21 00:00:00,9,13,35,2,15,10,3,17179889922,516
20211040,MARDI   ,2021-05-18 00:00:00,13,39,40,38,5,4,12,962072678416,2056
20211039,VENDREDI,2021-05-14 00:00:00,6,38,29,16,18,6,11,137707552800,1056
20211038,MARDI   ,2021-05-11 00:00:00,14,46,43,34,25,6,5,39591025319936,48
20211037,VENDREDI,2021-05-07 00:00:00,33,38,47,22,14,9,8,70510480203776,384
20211036,MARDI   ,2021-05-04 00:00:00,46,13,10,28,3,11,4,35184506311172,1032
20211035,VENDREDI,2021-04-30 00:00:00,1,28,24,46,16,11,2,35184514727937,1026
20211034,MARDI   ,2021-04-27 00:00:00,13,49,14,24,35,1,10,281492164980736,513
20211033,VENDREDI,2021-04-23 00:00:00,29,19,15,3,14,2,8,268722180,130
20211032,MARDI   ,2021-04-20 00:00:00,28,46,17,5,41,11,10,36284017999888,1536
20211031,VENDREDI,2021-04-16 00:00:00,29,11,40,48,6,9,5,141287512605728,272
20211030,MARDI   ,2021-04-13 00:00:00,47,16,31,50,20,8,2,633319771897856,130
20211029,VENDREDI,2021-04-09 00:00:00,44,8,35,32,2,8,11,8815420375170,1152
20211028,MARDI   ,2021-04-06 00:00:00,50,21,37,38,2,8,7,563156112900098,192
20211027,VENDREDI,2021-04-02 00:00:00,21,47,4,40,34,2,5,70927090974728,18
20211026,MARDI   ,2021-03-30 00:00:00,42,24,29,28,27,8,4,2199501406208,136
20211025,VENDREDI,2021-03-26 00:00:00,49,12,50,10,37,8,3,844493649611264,132
20211024,MARDI   ,2021-03-23 00:00:00,2,26,29,36,49,3,9,281509638438914,260
20211023,VENDREDI,2021-03-19 00:00:00,35,44,43,9,3,10,1,13211319402756,513
20211022,MARDI   ,2021-03-16 00:00:00,32,25,23,47,35,2,6,70388092502016,34
20211021,VENDREDI,2021-03-12 00:00:00,11,4,6,44,9,10,11,8796093023528,1536
20211020,MARDI   ,2021-03-09 00:00:00,16,21,33,32,1,11,12,6443532289,3072
20211019,VENDREDI,2021-03-05 00:00:00,4,46,5,39,48,7,10,176196738351128,576
20211018,MARDI   ,2021-03-02 00:00:00,24,49,19,26,2,6,7,281475018915842,96
20211017,VENDREDI,2021-02-26 00:00:00,6,12,22,29,33,11,6,4565501984,1056
20211016,MARDI   ,2021-02-23 00:00:00,30,9,39,18,45,3,1,17867600953600,5
20211015,VENDREDI,2021-02-19 00:00:00,25,48,4,46,12,12,7,175921877223432,2112
20211014,MARDI   ,2021-02-16 00:00:00,30,25,29,9,5,6,7,822083856,96
20211013,VENDREDI,2021-02-12 00:00:00,32,7,36,30,23,12,8,37048287296,2176
20211012,MARDI   ,2021-02-09 00:00:00,24,5,31,10,37,9,10,69801607696,768
20211011,VENDREDI,2021-02-05 00:00:00,45,12,37,19,44,6,2,26456998807552,34
20211010,MARDI   ,2021-02-02 00:00:00,38,18,48,20,35,9,12,140892107833344,2304
20211009,VENDREDI,2021-01-29 00:00:00,27,36,5,42,1,6,1,2233450102801,33
20211008,MARDI   ,2021-01-26 00:00:00,7,37,25,40,5,2,8,618492067920,130
20211007,VENDREDI,2021-01-22 00:00:00,16,47,42,8,44,7,6,81363860488320,96
20211006,MARDI   ,2021-01-19 00:00:00,25,35,31,27,43,5,6,4416384008192,48
20211005,VENDREDI,2021-01-15 00:00:00,27,10,4,40,38,11,3,687261876744,1028
20211004,MARDI   ,2021-01-12 00:00:00,10,34,2,35,18,6,9,25769935362,288
20211003,VENDREDI,2021-01-08 00:00:00,42,23,37,41,18,4,6,3367258685440,40
20211002,MARDI   ,2021-01-05 00:00:00,37,42,12,34,38,3,1,2413771622400,5
20211001,VENDREDI,2021-01-01 00:00:00,32,16,48,44,28,1,9,149535863111680,257
20200104,MARDI   ,2020-12-29 00:00:00,7,40,39,45,32,8,3,18418967248960,132
20200103,VENDREDI,2020-12-25 00:00:00,16,21,27,30,32,3,5,2752544768,20
20200102,MARDI   ,2020-12-22 00:00:00,42,10,50,2,16,11,4,565148976710146,1032
20200101,VENDREDI,2020-12-18 00:00:00,2,21,17,3,13,7,8,1118214,192
20200100,MARDI   ,2020-12-15 00:00:00,21,9,35,13,29,2,1,17449357568,3
20200099,VENDREDI,2020-12-11 00:00:00,41,13,24,9,6,3,12,1099520020768,2052
20200098,MARDI   ,2020-12-08 00:00:00,1,46,21,4,24,2,12,35184381526025,2050
20200097,VENDREDI,2020-12-04 00:00:00,14,38,20,27,34,1,11,146096529408,1025
20200096,MARDI   ,2020-12-01 00:00:00,29,49,20,14,47,12,4,351843989856256,2056
20200095,VENDREDI,2020-11-27 00:00:00,8,14,16,5,2,9,8,41106,384
20200094,MARDI   ,2020-11-24 00:00:00,50,33,38,42,25,12,8,565290727374848,2176
20200093,VENDREDI,2020-11-20 00:00:00,28,50,48,39,29,5,7,703962722336768,80
20200092,MARDI   ,2020-11-17 00:00:00,30,25,44,19,16,6,2,8796646965248,34
20200091,VENDREDI,2020-11-13 00:00:00,31,17,1,28,5,1,10,1208025105,513
20200090,MARDI   ,2020-11-10 00:00:00,19,3,38,32,29,12,5,139855134724,2064
20200089,VENDREDI,2020-11-06 00:00:00,12,37,7,50,40,1,2,563568428714048,3
20200088,MARDI   ,2020-11-03 00:00:00,5,7,18,20,30,7,6,537526352,96
20200087,VENDREDI,2020-10-30 00:00:00,21,16,20,12,28,9,3,135825408,260
20200086,MARDI   ,2020-10-27 00:00:00,13,15,28,44,32,12,3,8798374744064,2052
20200085,VENDREDI,2020-10-23 00:00:00,19,23,10,21,15,3,12,5521920,2052
20200084,MARDI   ,2020-10-20 00:00:00,15,5,42,37,6,4,3,2267742748720,12
20200083,VENDREDI,2020-10-16 00:00:00,15,40,38,33,50,6,3,563641443172352,36
20200082,MARDI   ,2020-10-13 00:00:00,5,41,46,38,14,10,1,36421322678288,513
20200081,VENDREDI,2020-10-09 00:00:00,15,11,35,50,41,8,5,564066644935680,144
20200080,MARDI   ,2020-10-06 00:00:00,41,36,4,21,47,11,9,71502616592392,1280
20200079,VENDREDI,2020-10-02 00:00:00,15,45,12,6,40,9,3,18141941876768,260
20200078,MARDI   ,2020-09-29 00:00:00,16,14,4,44,41,11,12,9895604690952,3072
20200077,VENDREDI,2020-09-25 00:00:00,34,45,19,23,37,1,7,17669499912192,65
20200076,MARDI   ,2020-09-22 00:00:00,28,39,25,40,16,1,6,824784748544,33
20200075,VENDREDI,2020-09-18 00:00:00,25,45,19,2,10,1,7,17592203084290,65
20200074,MARDI   ,2020-09-15 00:00:00,38,25,30,16,20,8,6,137993158656,160
20200073,VENDREDI,2020-09-11 00:00:00,34,38,45,43,42,12,9,24335284699136,2304
20200072,MARDI   ,2020-09-08 00:00:00,9,35,2,41,31,12,9,1117765239042,2304
20200071,VENDREDI,2020-09-04 00:00:00,6,29,43,40,22,7,4,4948072857632,72
20200070,MARDI   ,2020-09-01 00:00:00,46,8,4,33,10,8,11,35188667056776,1152
20200069,VENDREDI,2020-08-28 00:00:00,31,16,17,7,12,9,7,1073842240,320
20200068,MARDI   ,2020-08-25 00:00:00,18,37,39,30,7,10,8,344134385728,640
20200067,VENDREDI,2020-08-21 00:00:00,10,35,50,15,44,5,3,571763226329600,20
20200066,MARDI   ,2020-08-18 00:00:00,12,34,42,17,6,12,5,2207613257760,2064
20200065,VENDREDI,2020-08-14 00:00:00,49,10,42,9,19,4,12,283674000229120,2056
20200064,MARDI   ,2020-08-11 00:00:00,14,13,50,8,42,3,9,565148976689280,260
20200063,VENDREDI,2020-08-07 00:00:00,36,20,5,41,21,11,6,1133872939024,1056
20200062,MARDI   ,2020-08-04 00:00:00,42,2,5,1,15,8,5,2199023271955,144
20200061,VENDREDI,2020-07-31 00:00:00,30,46,24,21,49,2,5,316659895107584,18
20200060,MARDI   ,2020-07-28 00:00:00,34,17,13,9,15,7,2,8590020864,66
20200059,VENDREDI,2020-07-24 00:00:00,8,28,50,27,9,12,4,562950154748288,2056
20200058,MARDI   ,2020-07-21 00:00:00,29,15,42,14,24,2,4,2199300104192,10
20200057,VENDREDI,2020-07-17 00:00:00,7,27,41,15,43,7,9,5497625264192,320
20200056,MARDI   ,2020-07-14 00:00:00,30,22,37,11,47,9,10,70438002623488,768
20200055,VENDREDI,2020-07-10 00:00:00,30,38,15,17,23,2,7,137980100608,66
20200054,MARDI   ,2020-07-07 00:00:00,41,33,23,12,16,8,10,1103810824192,640
20200053,VENDREDI,2020-07-03 00:00:00,27,4,16,39,37,3,6,343664525320,36
20200052,MARDI   ,2020-06-30 00:00:00,11,42,1,28,6,2,10,2199157474337,514
20200051,VENDREDI,2020-06-26 00:00:00,12,26,21,1,10,5,11,34605569,1040
20200050,MARDI   ,2020-06-23 00:00:00,19,46,49,12,2,8,1,316659349063682,129
20200049,VENDREDI,2020-06-19 00:00:00,14,5,24,43,19,3,11,4398055170064,1028
20200048,MARDI   ,2020-06-16 00:00:00,39,9,11,4,17,2,10,274877973768,514
20200047,VENDREDI,2020-06-12 00:00:00,24,39,46,2,45,4,8,53051444428802,136
20200046,MARDI   ,2020-06-09 00:00:00,46,36,27,5,15,8,2,35218798952464,130
20200045,VENDREDI,2020-06-05 00:00:00,24,11,37,17,5,6,3,68727931920,36
20200044,MARDI   ,2020-06-02 00:00:00,49,22,12,26,10,11,7,281475012364800,1088
20200043,VENDREDI,2020-05-29 00:00:00,4,11,8,46,19,4,8,35184372352136,136
20200042,MARDI   ,2020-05-26 00:00:00,9,4,27,14,21,4,6,68165896,40
20200041,VENDREDI,2020-05-22 00:00:00,18,22,32,3,27,2,7,2216820740,66
20200040,MARDI   ,2020-05-19 00:00:00,43,32,37,25,5,6,7,4468930248720,96
20200039,VENDREDI,2020-05-15 00:00:00,34,23,32,39,11,1,6,285619520512,33
20200038,MARDI   ,2020-05-12 00:00:00,16,9,29,39,37,4,11,343865852160,1032
20200037,VENDREDI,2020-05-08 00:00:00,33,38,8,25,32,9,7,143898181760,320
20200036,MARDI   ,2020-05-05 00:00:00,2,27,22,10,41,3,2,1099580834306,6
20200035,VENDREDI,2020-05-01 00:00:00,47,20,19,45,38,2,6,88098369961984,34
20200034,MARDI   ,2020-04-28 00:00:00,32,28,26,15,23,1,5,2319466496,17
20200033,VENDREDI,2020-04-24 00:00:00,28,5,1,21,19,7,4,135528465,72
20200032,MARDI   ,2020-04-21 00:00:00,11,10,23,14,28,6,8,138421760,160
20200031,VENDREDI,2020-04-17 00:00:00,37,32,45,28,16,1,11,17663187255296,1025
20200030,MARDI   ,2020-04-14 00:00:00,40,34,29,6,35,11,4,575794053152,1032
20200029,VENDREDI,2020-04-10 00:00:00,33,17,3,39,10,1,4,279172940292,9
20200028,MARDI   ,2020-04-07 00:00:00,33,14,4,48,5,7,12,140741783330840,2112
20200027,VENDREDI,2020-04-03 00:00:00,50,16,34,19,46,2,6,598142915739648,34
20200026,MARDI   ,2020-03-31 00:00:00,30,12,17,24,36,9,1,34905065472,257
20200025,VENDREDI,2020-03-27 00:00:00,14,41,27,46,11,3,2,36283950834688,6
20200024,MARDI   ,2020-03-24 00:00:00,33,12,7,26,30,11,10,4865394752,1536
20200023,VENDREDI,2020-03-20 00:00:00,40,9,20,34,3,6,12,558346273028,2080
20200022,MARDI   ,2020-03-17 00:00:00,5,7,16,8,20,12,2,557264,2050
20200021,VENDREDI,2020-03-13 00:00:00,21,3,11,36,27,10,9,34427896836,768
20200020,MARDI   ,2020-03-10 00:00:00,23,43,30,11,37,5,12,4467307054080,2064
20200019,VENDREDI,2020-03-06 00:00:00,15,43,38,45,46,11,1,57312043614208,1025
20200018,MARDI   ,2020-03-03 00:00:00,27,44,4,14,45,10,1,26388346183688,513
20200017,VENDREDI,2020-02-28 00:00:00,8,11,23,20,22,4,3,6816896,12
20200016,MARDI   ,2020-02-25 00:00:00,4,42,18,27,1,6,4,2199090495497,40
20200015,VENDREDI,2020-02-21 00:00:00,32,23,30,45,7,5,9,17594874593344,272
20200014,MARDI   ,2020-02-18 00:00:00,34,32,11,38,47,10,2,70516920550400,514
20200013,VENDREDI,2020-02-14 00:00:00,5,35,20,41,49,10,6,282591668731920,544
20200012,MARDI   ,2020-02-11 00:00:00,43,26,24,32,46,6,10,39584608026624,544
20200011,VENDREDI,2020-02-07 00:00:00,17,15,9,25,40,9,3,549772673280,260
2020009,VENDREDI,2020-01-31 00:00:00,20,23,13,30,18,2,4,541724672,10
2020008,MARDI   ,2020-01-28 00:00:00,31,27,1,19,38,5,4,138580066305,24
2020007,VENDREDI,2020-01-24 00:00:00,9,6,4,3,24,8,5,8388908,144
2020006,MARDI   ,2020-01-21 00:00:00,36,10,24,11,46,3,5,35218740217344,20
2020005,VENDREDI,2020-01-17 00:00:00,20,8,29,44,19,8,3,8796362244224,132
2020004,MARDI   ,2020-01-14 00:00:00,25,39,21,44,29,9,8,9071257190400,384
2020003,VENDREDI,2020-01-10 00:00:00,32,44,17,6,46,2,6,43982612660256,34
2020002,MARDI   ,2020-01-07 00:00:00,8,37,12,5,43,11,6,4466765990032,1056
2020001,VENDREDI,2020-01-03 00:00:00,15,5,20,47,36,12,8,70403104456720,2176
2019105,MARDI   ,2019-12-31 00:00:00,41,31,48,33,26,4,2,141842402246656,10
2019104,VENDREDI,2019-12-27 00:00:00,22,26,35,7,1,5,10,17215520833,528
2019103,MARDI   ,2019-12-24 00:00:00,47,14,11,13,3,3,6,70368744190980,36
2019102,VENDREDI,2019-12-20 00:00:00,8,24,32,34,30,3,4,11282677888,12
2019101,MARDI   ,2019-12-17 00:00:00,7,1,12,25,49,9,6,281474993489985,288
2019100,VENDREDI,2019-12-13 00:00:00,16,9,23,18,32,2,10,2151842048,514
2019099,MARDI   ,2019-12-10 00:00:00,19,47,21,2,10,8,2,70368745488898,130
2019098,VENDREDI,2019-12-06 00:00:00,46,1,39,3,27,1,10,35459317104645,513
2019097,MARDI   ,2019-12-03 00:00:00,32,31,38,18,48,12,4,140878148665344,2056
2019096,VENDREDI,2019-11-29 00:00:00,50,42,12,3,7,6,8,565148976678980,160
2019095,MARDI   ,2019-11-26 00:00:00,34,3,15,2,19,5,8,8590213126,144
2019094,VENDREDI,2019-11-22 00:00:00,3,48,32,34,21,3,11,140748226822148,1028
2019093,MARDI   ,2019-11-19 00:00:00,10,15,42,30,8,4,6,2199560143488,40
2019092,VENDREDI,2019-11-15 00:00:00,20,13,34,3,32,4,11,10737946628,1032
2019091,MARDI   ,2019-11-12 00:00:00,1,25,21,39,23,2,4,274899927041,10
2019090,VENDREDI,2019-11-08 00:00:00,20,8,45,23,17,2,8,17592190828672,130
2019089,MARDI   ,2019-11-05 00:00:00,25,14,33,9,48,12,2,140741800108288,2050
2019088,VENDREDI,2019-11-01 00:00:00,39,2,44,20,48,5,7,149808459808770,80
2019087,MARDI   ,2019-10-29 00:00:00,49,42,28,16,18,10,5,283674134347776,528
2019086,VENDREDI,2019-10-25 00:00:00,37,50,34,39,40,4,10,563851896553472,520
2019085,MARDI   ,2019-10-22 00:00:00,2,5,33,47,32,7,8,70375186628626,192
2019084,VENDREDI,2019-10-18 00:00:00,18,22,42,41,8,11,12,3298537111680,3072
2019083,MARDI   ,2019-10-15 00:00:00,3,34,31,32,28,4,5,11945377796,24
2019082,VENDREDI,2019-10-11 00:00:00,42,45,19,2,14,5,6,19791209570306,48
2019081,MARDI   ,2019-10-08 00:00:00,44,15,49,10,7,3,12,290271069749824,2052
2019080,VENDREDI,2019-10-04 00:00:00,44,41,35,9,6,9,6,9912784519456,288
2019079,MARDI   ,2019-10-01 00:00:00,40,18,11,2,46,4,1,35734128034818,9
2019078,VENDREDI,2019-09-27 00:00:00,46,43,41,37,24,8,2,40750658093056,130
2019077,MARDI   ,2019-09-24 00:00:00,2,48,33,47,42,1,2,213309550755842,3
2019076,VENDREDI,2019-09-20 00:00:00,25,50,21,38,8,4,8,563087410200704,136
2019075,MARDI   ,2019-09-17 00:00:00,22,45,43,44,37,1,12,30855047151616,2049
2019074,VENDREDI,2019-09-13 00:00:00,12,1,42,47,27,6,7,72567834544129,96
2019073,MARDI   ,2019-09-10 00:00:00,3,30,49,25,22,3,6,281475532455940,36
2019072,VENDREDI,2019-09-06 00:00:00,13,22,40,10,48,5,2,141287246270976,18
2019071,MARDI   ,2019-09-03 00:00:00,44,11,38,7,39,10,7,9208409883712,576
2019070,VENDREDI,2019-08-30 00:00:00,45,49,27,46,25,6,4,334251618729984,40
2019069,MARDI   ,2019-08-27 00:00:00,26,8,35,47,43,9,1,74784004112512,257
2019068,VENDREDI,2019-08-23 00:00:00,4,17,42,45,35,8,2,19808389234696,130
2019067,MARDI   ,2019-08-20 00:00:00,23,24,22,20,37,1,4,68734681088,9
2019066,VENDREDI,2019-08-16 00:00:00,9,42,10,27,37,1,5,2267809841920,17
2019065,MARDI   ,2019-08-13 00:00:00,31,13,33,29,40,2,3,555392962560,6
2019064,VENDREDI,2019-08-09 00:00:00,35,41,14,2,42,11,10,3315714760706,1536
2019063,MARDI   ,2019-08-06 00:00:00,38,12,29,36,13,4,12,172067133440,2056
2019062,VENDREDI,2019-08-02 00:00:00,33,44,13,22,50,5,2,571750343512064,18
2019061,MARDI   ,2019-07-30 00:00:00,15,27,23,40,20,3,6,549827657728,36
2019060,VENDREDI,2019-07-26 00:00:00,27,2,42,5,37,10,3,2267809841170,516
2019059,MARDI   ,2019-07-23 00:00:00,38,19,23,1,14,7,3,137443418113,68
2019058,VENDREDI,2019-07-19 00:00:00,26,17,13,14,28,7,2,167849984,66
2019057,MARDI   ,2019-07-16 00:00:00,5,13,18,39,3,8,7,274878042132,192
2019056,VENDREDI,2019-07-12 00:00:00,2,31,39,45,47,8,4,88236881870850,136
2019055,MARDI   ,2019-07-09 00:00:00,32,7,41,36,29,7,6,1136287285312,96
2019054,VENDREDI,2019-07-05 00:00:00,20,2,42,34,9,9,6,2207613714690,288
2019053,MARDI   ,2019-07-02 00:00:00,19,44,11,29,45,12,8,26388547765248,2176
2019052,VENDREDI,2019-06-28 00:00:00,1,33,3,49,16,2,11,281479271710725,1026
2019051,MARDI   ,2019-06-25 00:00:00,27,34,6,26,46,1,9,35193062686752,257
2019050,VENDREDI,2019-06-21 00:00:00,9,8,39,25,5,3,7,274894684560,68
2019049,MARDI   ,2019-06-18 00:00:00,44,40,12,37,24,3,7,9414576703488,68
2019048,VENDREDI,2019-06-14 00:00:00,30,1,39,13,31,2,7,276488523777,66
2019047,MARDI   ,2019-06-11 00:00:00,27,46,42,25,39,11,12,37658357137408,3072
2019046,VENDREDI,2019-06-07 00:00:00,34,16,4,1,20,2,5,8590491657,18
2019045,MARDI   ,2019-06-04 00:00:00,31,32,9,39,41,8,2,1377610760448,130
2019044,VENDREDI,2019-05-31 00:00:00,1,26,23,35,24,11,1,17226006529,1025
2019043,MARDI   ,2019-05-28 00:00:00,28,7,29,19,20,1,5,403439680,17
2019042,VENDREDI,2019-05-24 00:00:00,5,30,49,23,16,7,6,281475517808656,96
2019041,MARDI   ,2019-05-21 00:00:00,47,32,34,33,39,12,8,70658654470144,2176
2019040,VENDREDI,2019-05-17 00:00:00,42,16,28,43,45,6,7,24189390061568,96
2019039,MARDI   ,2019-05-14 00:00:00,14,25,50,10,17,2,10,562949970272768,514
2019038,VENDREDI,2019-05-10 00:00:00,1,45,27,4,48,7,1,158329741508617,65
2019037,MARDI   ,2019-05-07 00:00:00,32,20,47,7,26,2,11,70370925740096,1026
2019036,VENDREDI,2019-05-03 00:00:00,2,20,27,43,9,5,6,4398114144514,48
2019035,MARDI   ,2019-04-30 00:00:00,20,26,12,48,5,2,11,140737522436112,1026
2019034,VENDREDI,2019-04-26 00:00:00,33,35,50,47,14,11,9,633340172443648,1280
2019033,MARDI   ,2019-04-23 00:00:00,23,44,18,27,42,7,2,10995187712000,66
2019032,VENDREDI,2019-04-19 00:00:00,32,49,8,7,41,11,5,282576635822272,1040
2019031,MARDI   ,2019-04-16 00:00:00,1,49,15,8,44,2,11,290271069749377,1026
2019030,VENDREDI,2019-04-12 00:00:00,46,28,1,35,36,6,9,35236045914113,288
2019029,MARDI   ,2019-04-09 00:00:00,38,41,18,29,21,1,11,1237220196352,1025
2019028,VENDREDI,2019-04-05 00:00:00,7,45,10,1,29,5,3,17592454480449,20
2019027,MARDI   ,2019-04-02 00:00:00,9,26,16,2,36,6,7,34393325826,96
2019026,VENDREDI,2019-03-29 00:00:00,13,23,26,47,32,6,10,70370929414144,544
2019025,MARDI   ,2019-03-26 00:00:00,47,43,19,23,12,2,6,74766795147264,34
2019024,VENDREDI,2019-03-22 00:00:00,17,43,26,4,30,11,6,4398617001992,1056
2019023,MARDI   ,2019-03-19 00:00:00,9,6,1,47,34,12,7,70377334112545,2112
2019022,VENDREDI,2019-03-15 00:00:00,46,24,42,15,3,12,9,37383403749380,2304
2019021,MARDI   ,2019-03-12 00:00:00,5,13,7,19,31,9,2,1074008144,258
2019020,VENDREDI,2019-03-08 00:00:00,40,17,24,19,18,8,4,549764661248,136
2019019,MARDI   ,2019-03-05 00:00:00,16,10,46,39,6,8,11,35459250029088,1152
2019018,VENDREDI,2019-03-01 00:00:00,9,19,26,31,6,12,11,1107558688,3072
2019017,MARDI   ,2019-02-26 00:00:00,29,47,15,3,35,4,3,70386192498692,12
2019016,VENDREDI,2019-02-22 00:00:00,50,33,29,3,27,7,3,562954583932932,68
2019015,MARDI   ,2019-02-19 00:00:00,19,8,18,1,39,9,7,274878300289,320
2019014,VENDREDI,2019-02-15 00:00:00,49,38,27,34,15,2,10,281621072723968,514
2019013,MARDI   ,2019-02-12 00:00:00,34,36,50,41,6,1,5,564092414722080,17
2019012,VENDREDI,2019-02-08 00:00:00,46,12,13,39,11,7,10,35459250002944,576
2019011,MARDI   ,2019-02-05 00:00:00,31,43,14,25,37,2,3,4467856515072,6
2019010,VENDREDI,2019-02-01 00:00:00,3,41,26,46,21,6,1,36283918319620,33
2019009,MARDI   ,2019-01-29 00:00:00,39,14,24,32,26,8,3,277067341824,132
2019008,VENDREDI,2019-01-25 00:00:00,15,16,13,6,1,6,10,53281,544
2019007,MARDI   ,2019-01-22 00:00:00,29,49,41,9,23,8,10,282574760968448,640
2019006,VENDREDI,2019-01-18 00:00:00,5,16,46,6,30,5,10,35184908992560,528
2019005,MARDI   ,2019-01-15 00:00:00,33,22,35,25,29,3,6,21762146304,36
2019004,VENDREDI,2019-01-11 00:00:00,19,48,31,39,1,6,1,141013440266241,33
2019003,MARDI   ,2019-01-08 00:00:00,19,32,31,3,22,2,11,3223584772,1026
2019002,VENDREDI,2019-01-04 00:00:00,19,7,11,37,27,10,6,68786848832,544
2019001,MARDI   ,2019-01-01 00:00:00,11,25,8,28,1,4,6,150996097,40
2018104,VENDREDI,2018-12-28 00:00:00,34,16,35,45,13,10,12,17617955885056,2560
2018103,MARDI   ,2018-12-25 00:00:00,8,4,43,31,5,9,2,4399120253080,258
2018102,VENDREDI,2018-12-21 00:00:00,12,2,34,50,15,4,3,562958543374338,12
2018101,MARDI   ,2018-12-18 00:00:00,1,18,39,48,9,7,5,141012366393601,80
2018100,VENDREDI,2018-12-14 00:00:00,29,12,38,44,42,12,2,11132823668736,2050
2018099,MARDI   ,2018-12-11 00:00:00,4,13,7,42,23,1,3,2199027454024,5
2018098,VENDREDI,2018-12-07 00:00:00,17,11,37,48,26,1,10,140806241453056,513
2018097,MARDI   ,2018-12-04 00:00:00,21,19,45,20,42,8,9,19791211134976,384
2018096,VENDREDI,2018-11-30 00:00:00,3,10,26,23,12,12,1,37751300,2049
2018095,MARDI   ,2018-11-27 00:00:00,17,16,4,32,18,11,2,2147713032,1026
2018094,VENDREDI,2018-11-23 00:00:00,25,30,5,26,8,3,10,587202704,516
2018093,MARDI   ,2018-11-20 00:00:00,6,48,19,45,39,7,12,158604552568864,2112
2018092,VENDREDI,2018-11-16 00:00:00,9,10,28,41,13,12,1,1099645850368,2049
2018091,MARDI   ,2018-11-13 00:00:00,10,7,13,2,42,6,3,2199023260226,36
2018090,VENDREDI,2018-11-09 00:00:00,49,17,37,32,14,11,12,281545843744768,3072
2018089,MARDI   ,2018-11-06 00:00:00,14,36,24,43,40,2,9,4982170460160,258
2018088,VENDREDI,2018-11-02 00:00:00,15,37,5,17,44,11,7,8864812580880,1088
2018087,MARDI   ,2018-10-30 00:00:00,44,27,23,17,43,1,12,13194210902016,2049
2018086,VENDREDI,2018-10-26 00:00:00,5,31,18,21,35,6,9,18254790672,288
2018085,MARDI   ,2018-10-23 00:00:00,32,2,1,5,21,12,2,2148532243,2050
2018084,VENDREDI,2018-10-19 00:00:00,1,3,47,29,48,12,3,211106500968453,2052
2018083,MARDI   ,2018-10-16 00:00:00,15,28,42,37,40,1,6,2817632780288,33
2018082,VENDREDI,2018-10-12 00:00:00,31,4,12,43,9,8,5,4399120255240,144
2018081,MARDI   ,2018-10-09 00:00:00,3,45,44,12,36,11,8,26422638807044,1152
2018080,VENDREDI,2018-10-05 00:00:00,16,8,26,35,24,11,3,17221845120,1028
2018079,MARDI   ,2018-10-02 00:00:00,45,29,37,7,17,11,3,17661174022208,1028
2018078,VENDREDI,2018-09-28 00:00:00,4,8,50,2,27,2,9,562950020530314,258
2018077,MARDI   ,2018-09-25 00:00:00,38,6,20,30,15,4,7,137976365088,72
2018076,VENDREDI,2018-09-21 00:00:00,5,7,37,25,21,3,4,68737302608,12
2018075,MARDI   ,2018-09-18 00:00:00,10,32,45,8,3,4,12,17594333528708,2056
2018074,VENDREDI,2018-09-14 00:00:00,45,40,33,1,3,4,3,18146236825605,12
2018073,MARDI   ,2018-09-11 00:00:00,32,18,9,38,46,2,3,35323958657280,6
2018072,VENDREDI,2018-09-07 00:00:00,50,31,27,4,23,1,8,562951098466312,129
2018071,MARDI   ,2018-09-04 00:00:00,47,5,28,30,14,11,4,70369415274512,1032
2018070,VENDREDI,2018-08-31 00:00:00,4,42,30,38,31,4,6,2338072821768,40
2018069,MARDI   ,2018-08-28 00:00:00,42,46,4,16,32,12,8,37385542860808,2176
2018068,VENDREDI,2018-08-24 00:00:00,31,36,50,14,3,12,1,562985386909700,2049
2018067,MARDI   ,2018-08-21 00:00:00,43,16,49,23,42,12,10,288072050704384,2560
2018066,VENDREDI,2018-08-17 00:00:00,18,24,2,43,15,8,12,4398055047170,2176
2018065,MARDI   ,2018-08-14 00:00:00,31,1,15,25,18,9,11,1090666497,1280
2018064,VENDREDI,2018-08-10 00:00:00,43,44,20,18,36,9,3,13228499927040,260
2018063,MARDI   ,2018-08-07 00:00:00,30,29,28,36,16,10,8,35299295232,640
2018062,VENDREDI,2018-08-03 00:00:00,26,38,36,43,7,12,6,4569878757440,2080
2018061,MARDI   ,2018-07-31 00:00:00,25,34,20,42,45,6,11,19799816536064,1056
2018060,VENDREDI,2018-07-27 00:00:00,17,23,11,22,41,11,6,1099517985792,1056
2018059,MARDI   ,2018-07-24 00:00:00,40,23,2,4,39,3,9,824637915146,260
2018058,VENDREDI,2018-07-20 00:00:00,15,2,43,40,46,3,6,40132174430210,36
2018057,MARDI   ,2018-07-17 00:00:00,4,50,6,27,48,1,11,703687508885544,1025
2018056,VENDREDI,2018-07-13 00:00:00,49,14,4,1,21,2,12,281474977767433,2050
2018055,MARDI   ,2018-07-10 00:00:00,3,33,26,8,45,10,7,17596514566276,576
2018054,VENDREDI,2018-07-06 00:00:00,30,8,48,33,38,10,2,140879759147136,514
2018053,MARDI   ,2018-07-03 00:00:00,15,29,12,48,1,5,3,140737756809217,20
2018052,VENDREDI,2018-06-29 00:00:00,15,21,40,23,48,3,12,141287249428480,2052
2018051,MARDI   ,2018-06-26 00:00:00,20,34,16,15,50,7,4,562958543929344,72
2018050,VENDREDI,2018-06-22 00:00:00,44,39,41,14,25,8,2,10170499342336,130
2018049,MARDI   ,2018-06-19 00:00:00,26,7,19,50,42,9,4,565149010493504,264
2018048,VENDREDI,2018-06-15 00:00:00,26,23,49,33,38,1,12,281616748380160,2049
2018047,MARDI   ,2018-06-12 00:00:00,36,38,23,21,7,6,8,171803934784,160
2018046,VENDREDI,2018-06-08 00:00:00,43,46,8,32,19,8,2,39584566345856,130
2018045,MARDI   ,2018-06-05 00:00:00,39,46,9,22,15,5,4,35459252109568,24
2018044,VENDREDI,2018-06-01 00:00:00,29,17,40,24,18,4,5,550032834560,24
2018043,MARDI   ,2018-05-29 00:00:00,20,43,6,38,11,4,2,4535485989920,10
2018042,VENDREDI,2018-05-25 00:00:00,13,16,15,41,28,4,5,1099645898752,24
2018041,MARDI   ,2018-05-22 00:00:00,48,11,1,37,41,8,12,141905719460865,2176
2018040,VENDREDI,2018-05-18 00:00:00,8,31,5,10,13,6,3,1073746576,36
2018039,MARDI   ,2018-05-15 00:00:00,20,16,4,31,39,2,12,275952205832,2050
2018038,VENDREDI,2018-05-11 00:00:00,22,34,3,50,49,11,8,844433522163716,1152
2018037,MARDI   ,2018-05-08 00:00:00,17,35,25,39,44,5,2,9088167641088,18
2018036,VENDREDI,2018-05-04 00:00:00,23,6,12,45,39,12,9,17867068147744,2304
2018035,MARDI   ,2018-05-01 00:00:00,48,42,15,17,6,4,6,142936511692832,40
2018034,VENDREDI,2018-04-27 00:00:00,24,40,12,41,46,5,12,36833647921152,2064
2018033,MARDI   ,2018-04-24 00:00:00,28,44,30,23,20,3,7,8796768829440,68
2018032,VENDREDI,2018-04-20 00:00:00,44,39,3,25,16,11,7,9070987739140,1088
2018031,MARDI   ,2018-04-17 00:00:00,39,15,33,27,50,6,4,563229193420800,40
2018030,VENDREDI,2018-04-13 00:00:00,48,50,34,25,5,7,6,703696048488464,96
2018029,MARDI   ,2018-04-10 00:00:00,48,14,39,46,27,11,12,176196805468160,3072
2018028,VENDREDI,2018-04-06 00:00:00,45,47,29,33,1,4,8,87965493624833,136
2018027,MARDI   ,2018-04-03 00:00:00,43,3,40,16,8,8,5,4947802357892,144
2018026,VENDREDI,2018-03-30 00:00:00,35,47,28,17,12,7,11,70386058332160,1088
2018025,MARDI   ,2018-03-27 00:00:00,46,40,20,23,17,9,10,35734132686848,768
2018024,VENDREDI,2018-03-23 00:00:00,46,5,50,7,11,11,8,598134325511248,1152
2018023,MARDI   ,2018-03-20 00:00:00,44,39,29,26,37,9,11,9139992395776,1280
2018022,VENDREDI,2018-03-16 00:00:00,31,4,27,24,17,11,10,1149304840,1536
2018021,MARDI   ,2018-03-13 00:00:00,11,9,13,33,49,12,6,281479271683328,2080
2018020,VENDREDI,2018-03-09 00:00:00,44,9,14,21,32,12,1,8798241562880,2049
2018019,MARDI   ,2018-03-06 00:00:00,26,44,20,31,15,2,9,8797200859136,258
2018018,VENDREDI,2018-03-02 00:00:00,2,7,34,48,45,1,12,158338264334402,2049
2018017,MARDI   ,2018-02-27 00:00:00,48,31,3,41,50,11,8,704788027146244,1152
2018016,VENDREDI,2018-02-23 00:00:00,18,17,28,47,10,3,7,70368878592512,68
2018015,MARDI   ,2018-02-20 00:00:00,6,25,14,19,29,11,5,285483040,1040
2018014,VENDREDI,2018-02-16 00:00:00,23,32,50,12,10,10,4,562952105101824,520
2018013,MARDI   ,2018-02-13 00:00:00,13,44,10,21,17,10,1,8796094140928,513
2018012,VENDREDI,2018-02-09 00:00:00,38,22,31,44,36,11,1,8968967553024,1025
2018011,MARDI   ,2018-02-06 00:00:00,8,28,17,38,34,6,12,146163171456,2080
2018010,VENDREDI,2018-02-02 00:00:00,36,39,34,14,48,2,3,141055315943424,6
2018009,MARDI   ,2018-01-30 00:00:00,11,15,35,27,21,5,4,17248044032,24
2018008,VENDREDI,2018-01-26 00:00:00,28,15,24,48,6,9,4,140737630978080,264
2018007,MARDI   ,2018-01-23 00:00:00,5,23,8,9,24,7,8,12583312,192
2018006,VENDREDI,2018-01-19 00:00:00,44,3,17,50,8,2,7,571746046509188,66
2018005,MARDI   ,2018-01-16 00:00:00,46,34,31,20,23,3,12,35194040483840,2052
2018004,VENDREDI,2018-01-12 00:00:00,45,30,21,13,23,6,4,17592728162304,40
2018003,MARDI   ,2018-01-09 00:00:00,6,49,38,12,15,9,2,281612415682592,258
2018002,VENDREDI,2018-01-05 00:00:00,41,38,20,5,2,4,8,1236951105554,136
2018001,MARDI   ,2018-01-02 00:00:00,20,10,21,48,28,1,8,140737624146432,129
2017104,VENDREDI,2017-12-29 00:00:00,4,48,8,22,23,1,12,140737494646920,2049
2017103,MARDI   ,2017-12-26 00:00:00,30,4,17,44,43,10,2,13194676469768,514
2017102,VENDREDI,2017-12-22 00:00:00,5,30,24,31,43,3,6,4399665512464,36
2017101,MARDI   ,2017-12-19 00:00:00,15,38,46,8,30,4,7,35322347929728,72
2017100,VENDREDI,2017-12-15 00:00:00,25,42,30,50,31,11,2,565150604066816,1026
2017099,MARDI   ,2017-12-12 00:00:00,39,20,37,50,44,4,8,572089644351488,136
2017098,VENDREDI,2017-12-08 00:00:00,34,32,22,30,4,4,3,11276386312,12
2017097,MARDI   ,2017-12-05 00:00:00,48,11,44,43,36,2,7,153965987628032,66
2017096,VENDREDI,2017-12-01 00:00:00,5,46,29,35,24,11,12,35201828782096,3072
2017095,MARDI   ,2017-11-28 00:00:00,42,1,12,6,18,2,7,2199023388705,66
2017094,VENDREDI,2017-11-24 00:00:00,28,24,50,19,30,10,3,562950633160704,516
2017093,MARDI   ,2017-11-21 00:00:00,31,28,10,2,14,7,5,1207968258,80
2017092,VENDREDI,2017-11-17 00:00:00,35,36,26,42,20,5,12,2250596941824,2064
2017091,MARDI   ,2017-11-14 00:00:00,16,40,39,41,14,8,10,1924145389568,640
2017090,VENDREDI,2017-11-10 00:00:00,37,36,29,22,13,1,9,103349751808,257
2017089,MARDI   ,2017-11-07 00:00:00,37,19,41,20,7,12,2,1168231891008,2050
2017088,VENDREDI,2017-11-03 00:00:00,41,5,33,17,12,4,9,1103806662672,264
2017087,MARDI   ,2017-10-31 00:00:00,46,12,43,36,1,3,5,39616778340353,20
2017086,VENDREDI,2017-10-27 00:00:00,39,23,16,32,3,1,4,277029617668,9
2017085,MARDI   ,2017-10-24 00:00:00,27,9,33,13,11,10,7,4362081536,576
2017084,VENDREDI,2017-10-20 00:00:00,4,27,23,30,17,3,8,608239624,132
2017083,MARDI   ,2017-10-17 00:00:00,19,26,17,13,36,2,3,34393624576,6
2017082,VENDREDI,2017-10-13 00:00:00,23,37,50,29,45,5,11,580611131572224,1040
2017081,MARDI   ,2017-10-10 00:00:00,36,4,37,21,34,6,3,111670198280,36
2017080,VENDREDI,2017-10-06 00:00:00,15,1,9,25,19,1,7,17056001,65
2017079,MARDI   ,2017-10-03 00:00:00,32,6,50,24,48,1,5,703689597648928,17
2017078,VENDREDI,2017-09-29 00:00:00,18,32,7,48,19,3,7,140739636232256,68
2017077,MARDI   ,2017-09-26 00:00:00,40,29,1,48,41,12,6,142387024232449,2080
2017076,VENDREDI,2017-09-22 00:00:00,6,31,39,42,11,3,1,2474974905376,5
2017075,MARDI   ,2017-09-19 00:00:00,45,21,1,8,30,3,2,17592723964033,6
2017074,VENDREDI,2017-09-15 00:00:00,44,49,13,18,37,9,12,290339789344768,2304
2017073,MARDI   ,2017-09-12 00:00:00,35,17,29,10,27,4,11,17515479552,1032
2017072,VENDREDI,2017-09-08 00:00:00,42,47,24,49,9,1,5,354042752532736,17
2017071,MARDI   ,2017-09-05 00:00:00,28,18,29,6,9,9,1,402784544,257
2017070,VENDREDI,2017-09-01 00:00:00,8,7,3,14,49,5,8,281474976719044,144
2017069,MARDI   ,2017-08-29 00:00:00,4,12,32,15,38,1,5,139586455560,17
2017068,VENDREDI,2017-08-25 00:00:00,15,7,1,47,5,9,12,70368744194129,2304
2017067,MARDI   ,2017-08-22 00:00:00,10,12,17,3,27,3,5,67176964,20
2017066,VENDREDI,2017-08-18 00:00:00,39,42,24,45,2,2,8,20066095595522,130
2017065,MARDI   ,2017-08-15 00:00:00,14,30,46,10,35,4,10,35202088837632,520
2017064,VENDREDI,2017-08-11 00:00:00,39,48,28,46,18,12,5,176196872699904,2064
2017063,MARDI   ,2017-08-08 00:00:00,26,15,40,25,41,4,5,1649317789696,24
2017062,VENDREDI,2017-08-04 00:00:00,29,30,41,40,36,9,2,1684432486400,258
2017061,MARDI   ,2017-08-01 00:00:00,29,24,21,30,14,10,8,814751744,640
2017060,VENDREDI,2017-07-28 00:00:00,41,9,31,5,29,4,2,1100853805328,10
2017059,MARDI   ,2017-07-25 00:00:00,14,44,43,48,12,11,2,153931627898880,1026
2017058,VENDREDI,2017-07-21 00:00:00,8,1,26,49,9,9,5,281475010265473,272
2017057,MARDI   ,2017-07-18 00:00:00,41,27,1,45,25,7,5,18691781558273,80
2017056,VENDREDI,2017-07-14 00:00:00,21,14,20,47,11,10,7,70368745759744,576
2017055,MARDI   ,2017-07-11 00:00:00,50,26,42,22,14,8,10,565149012336640,640
2017054,VENDREDI,2017-07-07 00:00:00,45,37,20,35,11,3,6,17678085915648,36
2017053,MARDI   ,2017-07-04 00:00:00,22,25,10,37,49,8,5,281543715062272,144
2017052,VENDREDI,2017-06-30 00:00:00,35,50,39,17,47,6,8,633610755440640,160
2017051,MARDI   ,2017-06-27 00:00:00,45,17,21,9,28,1,3,17592321376512,5
2017050,VENDREDI,2017-06-23 00:00:00,4,31,21,3,38,3,7,138513743884,68
2017049,MARDI   ,2017-06-20 00:00:00,44,43,11,18,26,8,10,13194173219840,640
2017048,VENDREDI,2017-06-16 00:00:00,38,42,15,17,41,9,12,3435973918720,2304
2017047,MARDI   ,2017-06-13 00:00:00,12,3,22,27,49,11,4,281475045918724,1032
2017046,VENDREDI,2017-06-09 00:00:00,9,39,27,20,43,11,10,4672992051456,1536
2017045,MARDI   ,2017-06-06 00:00:00,25,40,20,22,37,7,3,618494689280,68
2017044,VENDREDI,2017-06-02 00:00:00,8,42,33,24,10,9,3,2203326612096,260
2017043,MARDI   ,2017-05-30 00:00:00,27,48,38,12,7,9,6,140874994419776,288
2017042,VENDREDI,2017-05-26 00:00:00,36,5,39,7,26,2,10,309271199824,514
2017041,MARDI   ,2017-05-23 00:00:00,15,8,42,25,27,1,4,2199107158144,9
2017040,VENDREDI,2017-05-19 00:00:00,30,12,9,19,11,9,4,537136384,264
2017039,MARDI   ,2017-05-16 00:00:00,20,8,30,11,15,3,8,537412736,132
2017038,VENDREDI,2017-05-12 00:00:00,2,28,29,44,20,3,9,8796496199682,260
2017037,MARDI   ,2017-05-09 00:00:00,26,22,16,12,8,7,6,35686528,96
2017036,VENDREDI,2017-05-05 00:00:00,7,43,30,3,35,1,3,4415763251268,5
2017035,MARDI   ,2017-05-02 00:00:00,27,25,19,6,23,12,11,88342560,3072
2017034,VENDREDI,2017-04-28 00:00:00,20,25,30,39,14,8,2,275432087552,130
2017033,MARDI   ,2017-04-25 00:00:00,11,9,32,19,43,3,9,4400194258176,260
2017032,VENDREDI,2017-04-21 00:00:00,2,13,22,49,16,4,5,281474978844674,24
2017031,MARDI   ,2017-04-18 00:00:00,22,17,45,38,31,12,5,17730700902400,2064
2017030,VENDREDI,2017-04-14 00:00:00,33,20,4,14,23,6,10,4299694088,544
2017029,MARDI   ,2017-04-11 00:00:00,22,5,31,49,21,8,2,281476053598224,130
2017028,VENDREDI,2017-04-07 00:00:00,35,10,2,50,19,7,6,562967133553154,96
2017027,MARDI   ,2017-04-04 00:00:00,24,33,9,1,34,2,6,12893290753,34
2017026,VENDREDI,2017-03-31 00:00:00,24,26,45,17,28,4,12,17592362270720,2056
2017025,MARDI   ,2017-03-28 00:00:00,33,13,46,9,31,6,10,35189740802304,544
2017024,VENDREDI,2017-03-24 00:00:00,2,21,17,27,34,5,9,8658157570,272
2017023,MARDI   ,2017-03-21 00:00:00,47,23,20,44,1,11,4,79164841918465,1032
2017022,VENDREDI,2017-03-17 00:00:00,19,29,36,6,10,9,3,34628436512,260
2017021,MARDI   ,2017-03-14 00:00:00,21,5,44,36,3,3,6,8830453809172,36
2017020,VENDREDI,2017-03-10 00:00:00,38,49,31,47,36,8,11,352016593321984,1152
2017019,MARDI   ,2017-03-07 00:00:00,6,37,50,41,48,5,4,704855672881184,24
2017018,VENDREDI,2017-03-03 00:00:00,47,2,11,29,30,12,1,70369549485058,2049
2017017,MARDI   ,2017-02-28 00:00:00,35,31,10,42,20,2,12,2217277391360,2050
2017016,VENDREDI,2017-02-24 00:00:00,13,2,43,22,4,8,9,4398048612362,384
2017015,MARDI   ,2017-02-21 00:00:00,19,41,49,13,45,4,3,300166674649088,12
2017014,VENDREDI,2017-02-17 00:00:00,25,19,33,36,48,2,9,140776160100352,258
2017013,MARDI   ,2017-02-14 00:00:00,44,40,24,2,10,3,10,9345857225218,516
2017012,VENDREDI,2017-02-10 00:00:00,43,26,7,35,21,9,2,4415260983360,258
2017011,MARDI   ,2017-02-07 00:00:00,44,38,4,31,10,10,8,8934605718024,640
2017010,VENDREDI,2017-02-03 00:00:00,3,4,50,46,15,9,5,598134325526540,272
2017009,MARDI   ,2017-01-31 00:00:00,4,17,44,23,3,6,9,8796097282060,288
2017008,VENDREDI,2017-01-27 00:00:00,28,45,20,17,48,9,5,158329809207296,272
2017007,MARDI   ,2017-01-24 00:00:00,5,1,23,17,7,3,8,4259921,132
2017006,VENDREDI,2017-01-20 00:00:00,17,10,27,49,31,3,5,281476117627392,20
2017005,MARDI   ,2017-01-17 00:00:00,43,4,25,16,47,10,2,74766807498760,514
2017004,VENDREDI,2017-01-13 00:00:00,16,7,50,3,26,4,7,562949987008580,72
2017003,MARDI   ,2017-01-10 00:00:00,44,29,35,11,2,4,9,8813541327874,264
2017002,VENDREDI,2017-01-06 00:00:00,21,14,49,10,18,9,11,281474977899008,1280
2017001,MARDI   ,2017-01-03 00:00:00,34,27,49,23,19,11,1,281483638210560,1025
2016105,VENDREDI,2016-12-30 00:00:00,10,22,29,47,8,1,3,70369014710912,5
2016104,MARDI   ,2016-12-27 00:00:00,32,22,39,25,3,7,12,277044264964,2112
2016103,VENDREDI,2016-12-23 00:00:00,46,39,16,20,4,5,2,35459250552840,18
2016102,MARDI   ,2016-12-20 00:00:00,15,27,13,21,17,3,2,68243456,6
2016101,VENDREDI,2016-12-16 00:00:00,45,10,6,30,41,11,4,18692234543648,1032
2016100,MARDI   ,2016-12-13 00:00:00,28,50,48,29,14,8,2,703687844438016,130
2016099,VENDREDI,2016-12-09 00:00:00,6,40,37,28,12,1,5,618609510432,17
2016098,MARDI   ,2016-12-06 00:00:00,27,1,7,11,45,9,4,17592253154369,264
2016097,VENDREDI,2016-12-02 00:00:00,23,32,6,11,31,2,12,3225420832,2050
2016096,MARDI   ,2016-11-29 00:00:00,38,27,21,28,26,11,9,137674883072,1280
2016095,VENDREDI,2016-11-25 00:00:00,28,23,5,11,17,10,11,138478608,1536
2016094,MARDI   ,2016-11-22 00:00:00,47,10,5,33,34,10,2,70381629080080,514
2016093,VENDREDI,2016-11-18 00:00:00,32,27,12,47,3,8,6,70370958772228,160
2016092,MARDI   ,2016-11-15 00:00:00,42,7,15,36,48,3,7,142970871365696,68
2016091,VENDREDI,2016-11-11 00:00:00,38,49,3,22,23,9,2,281612421955588,258
2016090,MARDI   ,2016-11-08 00:00:00,49,47,9,50,5,9,8,914793674309904,384
2016089,VENDREDI,2016-11-04 00:00:00,7,11,12,48,44,7,3,149533581380672,68
2016088,MARDI   ,2016-11-01 00:00:00,10,20,6,37,29,9,1,68988437024,257
2016087,VENDREDI,2016-10-28 00:00:00,23,43,10,19,16,8,2,4398051000832,130
2016086,MARDI   ,2016-10-25 00:00:00,28,15,21,3,20,5,1,135806980,17
2016085,VENDREDI,2016-10-21 00:00:00,48,9,23,20,44,10,8,149533586096384,640
2016084,MARDI   ,2016-10-18 00:00:00,2,25,17,21,27,9,6,85000194,288
2016083,VENDREDI,2016-10-14 00:00:00,31,34,19,7,13,11,1,9663942720,1025
2016082,MARDI   ,2016-10-11 00:00:00,12,37,20,24,5,4,11,68728391696,1032
2016081,VENDREDI,2016-10-07 00:00:00,12,30,27,20,2,11,9,604506114,1280
2016080,MARDI   ,2016-10-04 00:00:00,4,38,7,14,34,4,11,146028896328,1032
2016079,VENDREDI,2016-09-30 00:00:00,35,44,17,37,43,10,2,13280038944768,514
2016078,MARDI   ,2016-09-27 00:00:00,41,6,13,39,9,2,12,1374389539104,2050
2016077,VENDREDI,2016-09-23 00:00:00,14,39,42,49,16,9,3,283948877914112,260
2016076,MARDI   ,2016-09-20 00:00:00,45,41,4,1,10,9,6,18691697672713,288
2016075,VENDREDI,2016-09-16 00:00:00,32,5,22,8,14,2,11,2149589136,1026
2016074,MARDI   ,2016-09-13 00:00:00,44,16,4,7,35,3,1,8813272924232,5
2016073,VENDREDI,2016-09-09 00:00:00,28,4,11,17,15,1,3,134300680,5
2016072,MARDI   ,2016-09-06 00:00:00,45,12,34,24,30,7,10,17601321240576,576
2016071,VENDREDI,2016-09-02 00:00:00,50,40,16,32,8,2,11,563501856751744,1026
2016070,MARDI   ,2016-08-30 00:00:00,29,42,13,16,35,6,8,2216471597056,160
2016069,VENDREDI,2016-08-26 00:00:00,48,9,30,28,1,7,8,140738159444225,192
2016068,MARDI   ,2016-08-23 00:00:00,2,31,45,37,23,8,4,17661983457282,136
2016067,VENDREDI,2016-08-19 00:00:00,22,6,5,25,34,7,5,8608809008,80
2016066,MARDI   ,2016-08-16 00:00:00,34,37,46,26,2,4,8,35261715054594,136
2016065,VENDREDI,2016-08-12 00:00:00,15,50,36,2,28,11,2,562984447393794,1026
2016064,MARDI   ,2016-08-09 00:00:00,19,43,44,12,45,10,5,30786325841920,528
2016063,VENDREDI,2016-08-05 00:00:00,19,16,24,37,35,2,7,85908029440,66
2016062,MARDI   ,2016-08-02 00:00:00,27,46,38,2,8,2,6,35321878151298,34
2016061,VENDREDI,2016-07-29 00:00:00,40,26,50,1,21,4,2,563499743838209,10
2016060,MARDI   ,2016-07-26 00:00:00,13,49,10,45,3,11,2,299067162759684,1026
2016059,VENDREDI,2016-07-22 00:00:00,26,45,24,7,37,9,5,17660947464256,272
2016058,MARDI   ,2016-07-19 00:00:00,24,37,19,28,36,6,3,103222083584,36
2016057,VENDREDI,2016-07-15 00:00:00,2,11,14,13,21,1,8,1061890,129
2016056,MARDI   ,2016-07-12 00:00:00,26,3,41,33,7,2,10,1103840149572,514
2016055,VENDREDI,2016-07-08 00:00:00,12,18,8,44,33,8,4,8800388122752,136
2016054,MARDI   ,2016-07-05 00:00:00,38,29,10,48,1,4,3,140875195744769,12
2016053,VENDREDI,2016-07-01 00:00:00,11,50,13,40,2,10,1,563499709240322,513
2016052,MARDI   ,2016-06-28 00:00:00,43,37,32,26,49,5,4,285943923736576,24
2016051,VENDREDI,2016-06-24 00:00:00,11,19,39,28,27,3,10,275079496704,516
2016050,MARDI   ,2016-06-21 00:00:00,32,35,17,49,5,5,1,281494304129040,17
2016049,VENDREDI,2016-06-17 00:00:00,43,1,18,27,7,8,4,4398113751105,136
2016048,MARDI   ,2016-06-14 00:00:00,13,50,42,39,34,11,9,565432444522496,1280
2016047,VENDREDI,2016-06-10 00:00:00,21,35,42,14,43,7,9,6614250692608,320
2016046,MARDI   ,2016-06-07 00:00:00,26,49,19,45,35,2,5,299084376440832,18
2016045,VENDREDI,2016-06-03 00:00:00,7,31,39,23,33,6,10,280250810432,544
2016044,MARDI   ,2016-05-31 00:00:00,6,30,26,48,12,6,7,140738058782752,96
2016043,VENDREDI,2016-05-27 00:00:00,46,27,13,43,25,4,8,39582502490112,136
2016042,MARDI   ,2016-05-24 00:00:00,37,17,34,16,23,9,6,77313703936,288
2016041,VENDREDI,2016-05-20 00:00:00,41,9,30,14,45,4,9,18692234551552,264
2016040,MARDI   ,2016-05-17 00:00:00,32,27,39,36,15,3,10,311452254208,516
2016039,VENDREDI,2016-05-13 00:00:00,31,28,42,15,7,10,11,2200231231552,1536
2016038,MARDI   ,2016-05-10 00:00:00,40,2,26,27,49,10,5,282024833187842,528
2016037,VENDREDI,2016-05-06 00:00:00,45,48,40,34,32,10,1,158890167631872,513
2016036,MARDI   ,2016-05-03 00:00:00,23,34,8,24,38,3,7,146041471104,68
2016035,VENDREDI,2016-04-29 00:00:00,4,25,28,5,43,6,11,4398197506072,1056
2016034,MARDI   ,2016-04-26 00:00:00,10,42,17,32,31,2,5,2202244547072,18
2016033,VENDREDI,2016-04-22 00:00:00,32,43,26,34,17,2,10,4408817549312,514
2016032,MARDI   ,2016-04-19 00:00:00,27,14,44,15,11,7,2,8796160156672,66
2016031,VENDREDI,2016-04-15 00:00:00,13,32,37,14,48,1,7,140808355328000,65
2016030,MARDI   ,2016-04-12 00:00:00,9,1,5,22,38,10,2,137441050897,514
2016029,VENDREDI,2016-04-08 00:00:00,43,8,49,6,26,10,6,285873056776352,544
2016028,MARDI   ,2016-04-05 00:00:00,3,19,40,9,5,5,2,549756076308,18
2016027,VENDREDI,2016-04-01 00:00:00,23,25,2,49,16,6,9,281474997714946,288
2016026,MARDI   ,2016-03-29 00:00:00,4,25,19,36,1,3,11,34376777737,1028
2016025,VENDREDI,2016-03-25 00:00:00,43,36,12,42,19,8,5,6631429769216,144
2016024,MARDI   ,2016-03-22 00:00:00,15,49,12,26,42,5,8,283674033539072,144
2016023,VENDREDI,2016-03-18 00:00:00,14,49,21,19,24,5,11,281474986418176,1040
2016022,MARDI   ,2016-03-15 00:00:00,7,10,5,44,34,10,2,8804682957392,514
2016021,VENDREDI,2016-03-11 00:00:00,26,43,1,21,40,9,6,4947836928001,288
2016020,MARDI   ,2016-03-08 00:00:00,9,14,23,8,1,7,1,4202881,65
2016019,VENDREDI,2016-03-04 00:00:00,9,23,40,16,14,1,5,549760049408,17
2016018,MARDI   ,2016-03-01 00:00:00,37,7,28,13,4,11,10,68853698632,1536
2016017,VENDREDI,2016-02-26 00:00:00,13,50,5,33,15,9,11,562954248409104,1280
2016016,MARDI   ,2016-02-23 00:00:00,42,32,23,25,37,11,1,2269911187456,1025
2016015,VENDREDI,2016-02-19 00:00:00,32,13,14,39,30,3,9,277562273792,260
2016014,MARDI   ,2016-02-16 00:00:00,3,22,50,10,37,6,10,563018674995716,544
2016013,VENDREDI,2016-02-12 00:00:00,31,49,28,20,3,5,2,281476185194500,18
2016012,MARDI   ,2016-02-09 00:00:00,9,6,13,28,37,4,5,68853698848,24
2016011,VENDREDI,2016-02-05 00:00:00,46,32,27,3,41,4,8,36286098309124,136
2016010,MARDI   ,2016-02-02 00:00:00,36,21,10,6,9,6,2,34360787744,34
2016009,VENDREDI,2016-01-29 00:00:00,29,32,23,1,5,1,7,2420113425,65
2016008,MARDI   ,2016-01-26 00:00:00,15,40,24,48,38,2,9,141424691527680,258
2016007,VENDREDI,2016-01-22 00:00:00,27,10,30,47,12,9,8,70369348160000,384
2016006,MARDI   ,2016-01-19 00:00:00,2,30,38,43,46,7,2,39720394424322,66
2016005,VENDREDI,2016-01-15 00:00:00,43,38,19,10,46,1,11,39719857816064,1025
2016004,MARDI   ,2016-01-12 00:00:00,2,10,30,44,1,1,8,8796629893635,129
2016003,VENDREDI,2016-01-08 00:00:00,35,33,26,40,5,3,8,571264204816,132
2016002,MARDI   ,2016-01-05 00:00:00,36,10,6,39,31,6,10,310311387680,544
2016001,VENDREDI,2016-01-01 00:00:00,44,37,38,39,4,4,7,9277129359368,72
2015104,MARDI   ,2015-12-29 00:00:00,5,36,32,31,20,6,7,37581488144,96
2015103,VENDREDI,2015-12-25 00:00:00,10,27,40,3,25,9,3,549839700484,260
2015102,MARDI   ,2015-12-22 00:00:00,19,41,18,40,20,7,10,1649268359168,576
2015101,VENDREDI,2015-12-18 00:00:00,22,6,26,29,48,5,6,140737792442400,48
2015100,MARDI   ,2015-12-15 00:00:00,11,27,35,8,23,4,11,17251173504,1032
2015099,VENDREDI,2015-12-11 00:00:00,43,5,21,3,40,11,6,4947803373588,1056
2015098,MARDI   ,2015-12-08 00:00:00,48,29,12,38,17,9,11,140875195811840,1280
2015097,VENDREDI,2015-12-04 00:00:00,17,27,18,39,8,7,1,274945212544,65
2015096,MARDI   ,2015-12-01 00:00:00,35,15,45,25,2,10,8,17609382707202,640
2015095,VENDREDI,2015-11-27 00:00:00,50,16,30,37,29,6,8,563019478237184,160
2015094,MARDI   ,2015-11-24 00:00:00,26,14,17,9,16,10,11,33661184,1536
2015093,VENDREDI,2015-11-20 00:00:00,34,49,30,46,4,8,7,316668475605000,192
2015092,MARDI   ,2015-11-17 00:00:00,6,37,23,38,7,11,10,206162624608,1536
2015091,VENDREDI,2015-11-13 00:00:00,33,10,18,40,17,8,2,554050978304,130
2015090,MARDI   ,2015-11-10 00:00:00,43,39,13,6,18,2,8,4672924553248,130
2015089,VENDREDI,2015-11-06 00:00:00,26,40,38,17,3,4,10,687228387332,520
2015088,MARDI   ,2015-11-03 00:00:00,39,27,49,8,46,2,6,316934293815424,34
2015087,VENDREDI,2015-10-30 00:00:00,34,13,17,8,21,6,7,8591052928,96
2015086,MARDI   ,2015-10-27 00:00:00,11,20,25,36,12,9,6,34377042944,288
2015085,VENDREDI,2015-10-23 00:00:00,25,7,32,39,30,2,8,277579038784,130
2015084,MARDI   ,2015-10-20 00:00:00,21,19,30,45,17,8,10,17592724291584,640
2015083,VENDREDI,2015-10-16 00:00:00,28,43,7,48,29,3,10,145135937519680,516
2015082,MARDI   ,2015-10-13 00:00:00,26,15,12,47,29,11,3,70369046185984,1028
2015081,VENDREDI,2015-10-09 00:00:00,43,42,47,40,1,9,11,77515569758209,1280
2015080,MARDI   ,2015-10-06 00:00:00,22,32,29,11,20,1,8,2418541568,129
2015079,VENDREDI,2015-10-02 00:00:00,21,35,7,32,18,11,2,19328532544,1026
2015078,MARDI   ,2015-09-29 00:00:00,14,49,26,11,29,3,9,281475278709760,260
2015077,VENDREDI,2015-09-25 00:00:00,14,37,30,13,23,8,2,69260554240,130
2015076,MARDI   ,2015-09-22 00:00:00,27,14,23,29,26,7,10,373301248,576
2015075,VENDREDI,2015-09-18 00:00:00,39,34,33,7,29,8,7,288031244352,192
2015074,MARDI   ,2015-09-15 00:00:00,44,8,15,17,49,5,8,290271069814912,144
2015073,VENDREDI,2015-09-11 00:00:00,19,50,10,29,18,9,1,562950222250496,257
2015072,MARDI   ,2015-09-08 00:00:00,42,14,40,39,16,1,4,3023657017344,9
2015071,VENDREDI,2015-09-04 00:00:00,27,8,45,9,50,8,10,580542206574976,640
2015070,MARDI   ,2015-09-01 00:00:00,6,27,45,19,21,8,1,17592254464032,129
2015069,VENDREDI,2015-08-28 00:00:00,11,34,30,29,31,4,7,10468983808,72
2015068,MARDI   ,2015-08-25 00:00:00,31,33,50,27,42,5,2,565154412494848,18
2015067,VENDREDI,2015-08-21 00:00:00,47,4,16,18,43,10,6,74766790852616,544
2015066,MARDI   ,2015-08-18 00:00:00,7,10,19,12,11,2,9,265792,258
2015065,VENDREDI,2015-08-14 00:00:00,45,4,44,7,39,3,5,26663156973640,20
2015064,MARDI   ,2015-08-11 00:00:00,2,16,3,15,8,4,11,49286,1032
2015063,VENDREDI,2015-08-07 00:00:00,1,5,21,44,39,4,11,9070971977745,1032
2015062,MARDI   ,2015-08-04 00:00:00,50,15,39,10,45,10,9,580817017389568,768
2015061,VENDREDI,2015-07-31 00:00:00,34,21,16,50,40,6,9,563508300251136,288
2015060,MARDI   ,2015-07-28 00:00:00,36,23,49,43,32,8,7,285909534638080,192
2015059,VENDREDI,2015-07-24 00:00:00,21,46,2,9,35,2,11,35201553006850,1026
2015058,MARDI   ,2015-07-21 00:00:00,14,29,44,27,20,10,7,8796429099008,576
2015057,VENDREDI,2015-07-17 00:00:00,21,48,22,1,43,9,7,145135538012161,320
2015056,MARDI   ,2015-07-14 00:00:00,34,18,36,19,6,1,8,42950066208,129
2015055,VENDREDI,2015-07-10 00:00:00,35,8,15,5,41,5,4,1116691513488,24
2015054,MARDI   ,2015-07-07 00:00:00,7,41,33,18,6,10,3,1103806726240,516
2015053,VENDREDI,2015-07-03 00:00:00,11,18,44,15,12,3,9,8796093172736,260
2015052,MARDI   ,2015-06-30 00:00:00,11,28,15,34,37,1,8,77443646464,129
2015051,VENDREDI,2015-06-26 00:00:00,10,19,6,3,24,5,7,8651300,80
2015050,MARDI   ,2015-06-23 00:00:00,16,38,4,22,49,6,9,281612417794056,288
2015049,VENDREDI,2015-06-19 00:00:00,7,14,20,31,42,9,3,2200097529920,260
2015048,MARDI   ,2015-06-16 00:00:00,15,10,36,16,37,3,9,103079264768,260
2015047,VENDREDI,2015-06-12 00:00:00,11,10,37,5,8,9,7,68719478416,320
2015046,MARDI   ,2015-06-09 00:00:00,5,34,17,9,32,8,6,10737484048,160
2015045,VENDREDI,2015-06-05 00:00:00,8,7,2,48,45,9,1,158329674399938,257
2015044,MARDI   ,2015-06-02 00:00:00,23,7,41,29,37,1,8,1168503734336,129
2015043,VENDREDI,2015-05-29 00:00:00,4,20,48,45,3,8,6,158329674924044,160
2015042,MARDI   ,2015-05-26 00:00:00,6,24,7,21,5,6,5,9437296,48
2015041,VENDREDI,2015-05-22 00:00:00,18,44,35,24,45,5,11,26405467455488,1040
2015040,MARDI   ,2015-05-19 00:00:00,35,37,31,26,30,11,8,87543513088,1152
2015039,VENDREDI,2015-05-15 00:00:00,47,42,44,5,35,9,8,81381040324624,384
2015038,MARDI   ,2015-05-12 00:00:00,29,30,14,46,40,3,6,35734933217280,36
2015037,VENDREDI,2015-05-08 00:00:00,14,19,49,7,47,10,3,351843721158720,516
2015036,MARDI   ,2015-05-05 00:00:00,1,17,10,42,20,9,8,2199023845889,384
2015035,VENDREDI,2015-05-01 00:00:00,19,26,20,25,3,6,10,51118084,544
2015034,MARDI   ,2015-04-28 00:00:00,36,24,28,26,45,10,7,17626721943552,576
2015033,VENDREDI,2015-04-24 00:00:00,31,5,40,29,19,3,10,551098253328,516
2015032,MARDI   ,2015-04-21 00:00:00,14,42,17,6,45,8,1,19791209373728,129
2015031,VENDREDI,2015-04-17 00:00:00,39,2,34,24,30,11,8,284013101058,1152
2015030,MARDI   ,2015-04-14 00:00:00,49,34,32,24,35,2,1,281502902386688,3
2015029,VENDREDI,2015-04-10 00:00:00,25,43,22,23,30,5,9,4398606450688,272
2015028,MARDI   ,2015-04-07 00:00:00,39,25,50,44,18,8,5,572020941258752,144
2015027,VENDREDI,2015-04-03 00:00:00,39,37,49,29,27,4,2,281818909638656,10
2015026,MARDI   ,2015-03-31 00:00:00,8,28,20,24,49,8,9,281475119841408,384
2015025,VENDREDI,2015-03-27 00:00:00,30,39,32,44,2,10,6,9073655283714,544
2015024,MARDI   ,2015-03-24 00:00:00,40,10,39,24,26,3,10,824675664384,516
2015023,VENDREDI,2015-03-20 00:00:00,3,14,42,48,37,1,10,143005231095812,513
2015022,MARDI   ,2015-03-17 00:00:00,11,23,44,38,26,8,1,8933569725440,129
2015021,VENDREDI,2015-03-13 00:00:00,4,5,22,18,23,3,1,6422552,5
2015020,MARDI   ,2015-03-10 00:00:00,31,30,2,6,23,10,2,1614807074,514
2015019,VENDREDI,2015-03-06 00:00:00,47,30,49,50,23,7,2,914794215374848,66
2015018,MARDI   ,2015-03-03 00:00:00,6,21,13,8,11,8,7,1053856,192
2015017,VENDREDI,2015-02-27 00:00:00,17,25,14,5,47,10,9,70368761028624,768
2015016,MARDI   ,2015-02-24 00:00:00,3,28,25,34,50,1,11,562958694350852,1025
2015015,VENDREDI,2015-02-20 00:00:00,37,46,10,4,14,4,7,35253091574280,72
2015014,MARDI   ,2015-02-17 00:00:00,5,2,18,43,30,10,1,4398583513106,513
2015013,VENDREDI,2015-02-13 00:00:00,24,12,39,44,42,3,11,11270002575360,1028
2015012,MARDI   ,2015-02-10 00:00:00,30,45,20,13,17,9,10,17592723509248,768
2015011,VENDREDI,2015-02-06 00:00:00,50,30,10,26,39,8,7,563225401754112,192
2015010,MARDI   ,2015-02-03 00:00:00,50,44,17,31,33,11,7,571751415218176,1088
2015009,VENDREDI,2015-01-30 00:00:00,9,24,15,13,19,3,8,8671488,132
2015008,MARDI   ,2015-01-27 00:00:00,10,33,5,31,40,10,8,555124523536,640
2015007,VENDREDI,2015-01-23 00:00:00,30,45,29,38,6,8,1,17730430304288,129
2015006,MARDI   ,2015-01-20 00:00:00,33,47,15,41,44,10,8,80268643811328,640
2015005,VENDREDI,2015-01-16 00:00:00,34,32,29,30,46,6,3,35195914813440,36
2015004,MARDI   ,2015-01-13 00:00:00,34,31,21,8,17,10,9,9664790656,768
2015003,VENDREDI,2015-01-09 00:00:00,6,32,45,21,24,1,11,17594342965280,1025
2015002,MARDI   ,2015-01-06 00:00:00,20,38,30,14,49,4,3,281612953067520,12
2015001,VENDREDI,2015-01-02 00:00:00,24,25,49,28,22,3,6,281475138191360,36
2014104,MARDI   ,2014-12-30 00:00:00,6,18,39,50,44,11,8,572020924481568,1152
2014103,VENDREDI,2014-12-26 00:00:00,26,45,27,49,17,2,3,299067263483904,6
2014102,MARDI   ,2014-12-23 00:00:00,49,25,9,19,8,10,2,281474993750400,514
2014101,VENDREDI,2014-12-19 00:00:00,39,44,23,29,31,5,8,9072317300736,144
2014100,MARDI   ,2014-12-16 00:00:00,13,7,3,25,12,5,8,16783428,144
2014099,VENDREDI,2014-12-12 00:00:00,28,2,15,31,37,4,6,69927452674,40
2014098,MARDI   ,2014-12-09 00:00:00,31,1,3,42,46,11,4,37384469086213,1032
2014097,VENDREDI,2014-12-05 00:00:00,5,8,48,47,37,3,2,211174952009872,6
2014096,MARDI   ,2014-12-02 00:00:00,15,25,3,49,44,9,1,290271086526468,257
2014095,VENDREDI,2014-11-28 00:00:00,10,23,6,41,15,10,4,1099515839008,520
2014094,MARDI   ,2014-11-25 00:00:00,32,7,36,3,25,1,6,36523999300,33
2014093,VENDREDI,2014-11-21 00:00:00,28,32,7,37,4,5,10,71001178184,528
2014092,MARDI   ,2014-11-18 00:00:00,3,2,36,38,17,11,4,171798757382,1032
2014091,VENDREDI,2014-11-14 00:00:00,36,32,38,48,17,8,5,140911434596352,144
2014090,MARDI   ,2014-11-11 00:00:00,46,14,36,2,21,11,7,35218732883970,1088
2014089,VENDREDI,2014-11-07 00:00:00,32,13,38,46,25,10,1,35323975307264,513
2014088,MARDI   ,2014-11-04 00:00:00,1,13,6,26,17,3,5,33624097,20
2014087,VENDREDI,2014-10-31 00:00:00,10,41,13,20,33,9,3,1103807123968,260
2014086,MARDI   ,2014-10-28 00:00:00,45,17,40,10,15,1,2,18141941940736,3
2014085,VENDREDI,2014-10-24 00:00:00,42,20,3,30,9,6,1,2199560651012,33
2014084,MARDI   ,2014-10-21 00:00:00,40,33,27,20,21,3,10,554119462912,516
2014083,VENDREDI,2014-10-17 00:00:00,49,13,48,1,40,8,10,422762220883969,640
2014082,MARDI   ,2014-10-14 00:00:00,15,23,32,4,5,7,3,2151694360,68
2014081,VENDREDI,2014-10-10 00:00:00,29,42,47,45,6,9,10,90160221913120,768
2014080,MARDI   ,2014-10-07 00:00:00,38,30,21,9,28,8,1,138111090944,129
2014079,VENDREDI,2014-10-03 00:00:00,13,23,50,48,4,10,5,703687445975048,528
2014078,MARDI   ,2014-09-30 00:00:00,33,13,15,3,42,5,7,2203318243332,80
2014077,VENDREDI,2014-09-26 00:00:00,46,35,47,13,27,1,2,105570363248640,3
2014076,MARDI   ,2014-09-23 00:00:00,13,35,14,29,12,1,7,17448318976,65
2014075,VENDREDI,2014-09-19 00:00:00,6,34,8,38,48,9,3,140883517243552,260
2014074,MARDI   ,2014-09-16 00:00:00,4,30,35,50,29,4,2,562967938596872,10
2014073,VENDREDI,2014-09-12 00:00:00,31,9,33,26,13,7,11,5402267904,1088
2014072,MARDI   ,2014-09-09 00:00:00,15,35,19,8,24,10,8,17188536448,640
2014071,VENDREDI,2014-09-05 00:00:00,18,50,23,46,1,9,3,598134329835521,260
2014070,MARDI   ,2014-09-02 00:00:00,39,45,25,31,5,8,1,17868154470416,129
2014069,VENDREDI,2014-08-29 00:00:00,32,38,26,9,2,3,6,139619991810,36
2014068,MARDI   ,2014-08-26 00:00:00,36,48,45,10,22,11,4,158364036235776,1032
2014067,VENDREDI,2014-08-22 00:00:00,29,17,49,35,4,1,2,281492425080840,3
2014066,MARDI   ,2014-08-19 00:00:00,11,34,47,4,7,7,8,70377334113352,192
2014065,VENDREDI,2014-08-15 00:00:00,4,21,30,5,23,10,8,542113816,640
2014064,MARDI   ,2014-08-12 00:00:00,22,19,7,16,33,5,2,4297359424,18
2014063,VENDREDI,2014-08-08 00:00:00,29,21,35,46,43,1,9,39599867953152,257
2014062,MARDI   ,2014-08-05 00:00:00,5,21,42,7,19,11,5,2199024566352,1040
2014061,VENDREDI,2014-08-01 00:00:00,50,44,46,48,24,10,5,747667915276288,528
2014060,MARDI   ,2014-07-29 00:00:00,40,23,35,10,43,9,3,4964986388992,260
2014059,VENDREDI,2014-07-25 00:00:00,10,24,9,12,43,5,9,4398054902528,272
2014058,MARDI   ,2014-07-22 00:00:00,1,43,50,45,24,5,8,584940194365441,144
2014057,VENDREDI,2014-07-18 00:00:00,1,41,43,11,29,3,11,5497826575361,1028
2014056,MARDI   ,2014-07-15 00:00:00,18,27,15,34,20,1,3,8657715200,5
2014055,VENDREDI,2014-07-11 00:00:00,38,35,5,49,22,7,4,281629597630480,72
2014054,MARDI   ,2014-07-08 00:00:00,24,18,22,8,27,11,4,77725824,1032
2014053,VENDREDI,2014-07-04 00:00:00,47,18,43,39,4,6,2,75041668726792,34
2014052,MARDI   ,2014-07-01 00:00:00,39,25,18,22,27,5,10,274964021248,528
2014051,VENDREDI,2014-06-27 00:00:00,39,34,45,33,31,2,10,17881022595072,514
2014050,MARDI   ,2014-06-24 00:00:00,20,1,7,21,48,4,7,140737489928257,72
2014049,VENDREDI,2014-06-20 00:00:00,5,38,49,15,25,1,2,281612432457744,3
2014048,MARDI   ,2014-06-17 00:00:00,48,13,37,40,11,8,9,141355963651072,384
2014047,VENDREDI,2014-06-13 00:00:00,16,22,28,46,18,11,9,35184508567552,1280
2014046,MARDI   ,2014-06-10 00:00:00,12,18,21,33,32,1,11,6443632640,1025
2014045,VENDREDI,2014-06-06 00:00:00,34,40,25,7,49,9,11,282033339236416,1280
2014044,MARDI   ,2014-06-03 00:00:00,2,39,32,15,44,5,10,9073118429186,528
2014043,VENDREDI,2014-05-30 00:00:00,27,41,24,45,5,7,6,18691773169680,96
2014042,MARDI   ,2014-05-27 00:00:00,16,13,26,25,7,1,6,50368576,33
2014041,VENDREDI,2014-05-23 00:00:00,31,3,47,8,34,11,9,70378407854212,1280
2014040,MARDI   ,2014-05-20 00:00:00,38,5,36,33,47,4,9,70544837836816,264
2014039,VENDREDI,2014-05-16 00:00:00,26,23,37,29,40,4,3,618781474816,12
2014038,MARDI   ,2014-05-13 00:00:00,47,34,13,30,4,6,2,70377870987272,34
2014037,VENDREDI,2014-05-09 00:00:00,45,28,3,26,21,10,7,17592354865156,576
2014036,MARDI   ,2014-05-06 00:00:00,37,5,19,31,24,9,1,69801869328,257
2014035,VENDREDI,2014-05-02 00:00:00,30,42,4,31,38,11,2,2338072821768,1026
2014034,MARDI   ,2014-04-29 00:00:00,35,26,18,23,44,3,11,8813310771200,1028
2014033,VENDREDI,2014-04-25 00:00:00,13,49,44,21,24,9,1,290271079174144,257
2014032,MARDI   ,2014-04-22 00:00:00,20,46,15,24,13,8,1,35184381022208,129
2014031,VENDREDI,2014-04-18 00:00:00,21,47,31,39,24,3,7,70644705263616,68
2014030,MARDI   ,2014-04-15 00:00:00,14,50,47,26,3,7,11,633318731161604,1088
2014029,VENDREDI,2014-04-11 00:00:00,8,33,30,12,19,4,11,4832102528,1032
2014028,MARDI   ,2014-04-08 00:00:00,42,11,29,18,49,11,4,283674268533760,1032
2014027,VENDREDI,2014-04-04 00:00:00,50,45,28,6,10,10,11,580542273684000,1536
2014026,MARDI   ,2014-04-01 00:00:00,44,38,18,16,26,10,8,8933565693952,640
2014025,VENDREDI,2014-03-28 00:00:00,3,43,19,28,4,3,7,4398180990988,68
2014024,MARDI   ,2014-03-25 00:00:00,28,50,26,7,20,8,2,562950121717824,130
2014023,VENDREDI,2014-03-21 00:00:00,37,7,39,30,42,7,5,2543157510208,80
2014022,MARDI   ,2014-03-18 00:00:00,27,36,34,8,39,5,10,317894688896,528
2014021,VENDREDI,2014-03-14 00:00:00,30,24,6,27,25,9,5,629145632,272
2014020,MARDI   ,2014-03-11 00:00:00,1,4,44,33,23,8,7,8800392183817,192
2014019,VENDREDI,2014-03-07 00:00:00,38,10,40,5,41,1,8,1786706395664,129
2014018,MARDI   ,2014-03-04 00:00:00,3,22,5,27,44,6,1,8796162228244,33
2014017,VENDREDI,2014-02-28 00:00:00,38,44,32,12,43,2,7,13333725972480,66
2014016,MARDI   ,2014-02-25 00:00:00,42,21,25,28,35,6,4,2216355168256,40
2014015,VENDREDI,2014-02-21 00:00:00,28,13,17,30,32,5,7,2818641920,80
2014014,MARDI   ,2014-02-18 00:00:00,36,37,26,23,49,6,7,281578093674496,96
2014013,VENDREDI,2014-02-14 00:00:00,19,39,4,2,6,2,7,274878169130,66
2014012,MARDI   ,2014-02-11 00:00:00,47,25,8,17,41,1,2,71468272648320,3
2014011,VENDREDI,2014-02-07 00:00:00,17,19,47,3,46,9,10,105553116594180,768
2014010,MARDI   ,2014-02-04 00:00:00,37,1,33,21,38,8,4,210454446081,136
